134bef3160ec18ca6d88da695104dd5e49c2bba3,DELETE,regular-file,10m_cultural/.DS_Store,6148,
65cfb6bb53eadae0048af96abf8f2b49dfb5f229,DELETE,regular-file,10m_cultural/ne_10m_admin_0_antarctic_claim_limit_lines.README.html,40945,
8260c8642285f9f1312eb293181c8b1239a8d7aa,DELETE,regular-file,10m_cultural/ne_10m_admin_0_antarctic_claim_limit_lines.VERSION.txt,7,
3ad133c048f2189041151425a73485649e6c32c0,DELETE,regular-file,10m_cultural/ne_10m_admin_0_antarctic_claim_limit_lines.cpg,5,
50fb94463cb7d85979b570f336959321ff0a0c22,DELETE,regular-file,10m_cultural/ne_10m_admin_0_antarctic_claim_limit_lines.dbf,2103,
b13a71791932a9ecb82a81800e49b3d5b307a195,DELETE,regular-file,10m_cultural/ne_10m_admin_0_antarctic_claim_limit_lines.prj,147,
80c5c38af2c74b1d72839a84ad8e044a0005709f,DELETE,regular-file,10m_cultural/ne_10m_admin_0_antarctic_claim_limit_lines.shp,64364,
4688a43db299a67b478e4ea4348871573963e6dd,DELETE,regular-file,10m_cultural/ne_10m_admin_0_antarctic_claim_limit_lines.shx,284,
5d0253b7e4c9fdfc79484a5e58c673c9e8c7a6a4,DELETE,regular-file,10m_cultural/ne_10m_admin_0_antarctic_claims.README.html,26309,
5dbaad6dd19068b07048d5d380e3a2f20e7363e1,DELETE,regular-file,10m_cultural/ne_10m_admin_0_antarctic_claims.VERSION.txt,7,
3ad133c048f2189041151425a73485649e6c32c0,DELETE,regular-file,10m_cultural/ne_10m_admin_0_antarctic_claims.cpg,5,
b2234b01e39034a95bfd2a9c6458879c5e5fd249,DELETE,regular-file,10m_cultural/ne_10m_admin_0_antarctic_claims.dbf,2859,
b13a71791932a9ecb82a81800e49b3d5b307a195,DELETE,regular-file,10m_cultural/ne_10m_admin_0_antarctic_claims.prj,147,
eda59fc9c9032ae3ae187bd10a014b78562bdff0,DELETE,regular-file,10m_cultural/ne_10m_admin_0_antarctic_claims.shp,238380,
08b94d42fe8d4d8400bcfe989c608dddd53b0c3d,DELETE,regular-file,10m_cultural/ne_10m_admin_0_antarctic_claims.shx,180,
bc113e06b6925e5c1e0ea511da21de33936c6bfa,DELETE,regular-file,10m_cultural/ne_10m_admin_0_boundary_lines_disputed_areas.README.html,42582,
83817d353bfc909bf559e6bacf67a4a58e4d251a,DELETE,regular-file,10m_cultural/ne_10m_admin_0_boundary_lines_disputed_areas.VERSION.txt,7,
3ad133c048f2189041151425a73485649e6c32c0,DELETE,regular-file,10m_cultural/ne_10m_admin_0_boundary_lines_disputed_areas.cpg,5,
d23bfa2158e10de9415dd0a15f0e4de220297fe5,DELETE,regular-file,10m_cultural/ne_10m_admin_0_boundary_lines_disputed_areas.dbf,170619,
f45cbadf0074d8b7b2669559a93bc50bb95f82d4,DELETE,regular-file,10m_cultural/ne_10m_admin_0_boundary_lines_disputed_areas.prj,145,
794de2b906238c2994b01dc64aa681d8aded9bd2,DELETE,regular-file,10m_cultural/ne_10m_admin_0_boundary_lines_disputed_areas.shp,65480,
4abc7d864f9379579ed0a63ac11d414589fd7f50,DELETE,regular-file,10m_cultural/ne_10m_admin_0_boundary_lines_disputed_areas.shx,700,
d209fc28a271aae5e6e3fa3ad7804df790ac813e,DELETE,regular-file,10m_cultural/ne_10m_admin_0_boundary_lines_land.README.html,40139,
83817d353bfc909bf559e6bacf67a4a58e4d251a,DELETE,regular-file,10m_cultural/ne_10m_admin_0_boundary_lines_land.VERSION.txt,7,
3ad133c048f2189041151425a73485649e6c32c0,DELETE,regular-file,10m_cultural/ne_10m_admin_0_boundary_lines_land.cpg,5,
6c5078e621734e39e5e4518eb4a802a66b7b9eb2,DELETE,regular-file,10m_cultural/ne_10m_admin_0_boundary_lines_land.dbf,1115192,
f45cbadf0074d8b7b2669559a93bc50bb95f82d4,DELETE,regular-file,10m_cultural/ne_10m_admin_0_boundary_lines_land.prj,145,
114cece46e7143fea439b09992d686b560d38709,DELETE,regular-file,10m_cultural/ne_10m_admin_0_boundary_lines_land.shp,1295520,
ba9dce569e8759adb90146bd328061501c806bb7,DELETE,regular-file,10m_cultural/ne_10m_admin_0_boundary_lines_land.shx,4220,
d209fc28a271aae5e6e3fa3ad7804df790ac813e,DELETE,regular-file,10m_cultural/ne_10m_admin_0_boundary_lines_map_units.README.html,40139,
83817d353bfc909bf559e6bacf67a4a58e4d251a,DELETE,regular-file,10m_cultural/ne_10m_admin_0_boundary_lines_map_units.VERSION.txt,7,
3ad133c048f2189041151425a73485649e6c32c0,DELETE,regular-file,10m_cultural/ne_10m_admin_0_boundary_lines_map_units.cpg,5,
e2fa752a3c6382e7f052d6cd57262fdcba100ab0,DELETE,regular-file,10m_cultural/ne_10m_admin_0_boundary_lines_map_units.dbf,25127,
f45cbadf0074d8b7b2669559a93bc50bb95f82d4,DELETE,regular-file,10m_cultural/ne_10m_admin_0_boundary_lines_map_units.prj,145,
6ce5ff13f6bd0df44d8cb24d4305c3ad04e80f49,DELETE,regular-file,10m_cultural/ne_10m_admin_0_boundary_lines_map_units.shp,35180,
9059702bc1b23bd6ff6ba6dd0154c007845e014a,DELETE,regular-file,10m_cultural/ne_10m_admin_0_boundary_lines_map_units.shx,220,
d209fc28a271aae5e6e3fa3ad7804df790ac813e,DELETE,regular-file,10m_cultural/ne_10m_admin_0_boundary_lines_maritime_indicator.README.html,40139,
83817d353bfc909bf559e6bacf67a4a58e4d251a,DELETE,regular-file,10m_cultural/ne_10m_admin_0_boundary_lines_maritime_indicator.VERSION.txt,7,
3ad133c048f2189041151425a73485649e6c32c0,DELETE,regular-file,10m_cultural/ne_10m_admin_0_boundary_lines_maritime_indicator.cpg,5,
e6e05238b6142c13226bb5cecd2124bd867222a6,DELETE,regular-file,10m_cultural/ne_10m_admin_0_boundary_lines_maritime_indicator.dbf,370669,
f45cbadf0074d8b7b2669559a93bc50bb95f82d4,DELETE,regular-file,10m_cultural/ne_10m_admin_0_boundary_lines_maritime_indicator.prj,145,
6d091ea88c4299e8d6fdd1b0b783251f8f5eca54,DELETE,regular-file,10m_cultural/ne_10m_admin_0_boundary_lines_maritime_indicator.shp,77564,
a3a71ce65fc4260327b22d7c8a3c5302c633b53a,DELETE,regular-file,10m_cultural/ne_10m_admin_0_boundary_lines_maritime_indicator.shx,1868,
d209fc28a271aae5e6e3fa3ad7804df790ac813e,DELETE,regular-file,10m_cultural/ne_10m_admin_0_boundary_lines_maritime_indicator_chn.README.html,40139,
83817d353bfc909bf559e6bacf67a4a58e4d251a,DELETE,regular-file,10m_cultural/ne_10m_admin_0_boundary_lines_maritime_indicator_chn.VERSION.txt,7,
3ad133c048f2189041151425a73485649e6c32c0,DELETE,regular-file,10m_cultural/ne_10m_admin_0_boundary_lines_maritime_indicator_chn.cpg,5,
1ca67ba9adf2b6ec5da6a28ffe8b3babbb5e0131,DELETE,regular-file,10m_cultural/ne_10m_admin_0_boundary_lines_maritime_indicator_chn.dbf,16867,
a30c00a55de19be195abf9e942f6cff93bf0a825,DELETE,regular-file,10m_cultural/ne_10m_admin_0_boundary_lines_maritime_indicator_chn.prj,143,
c94add881ef2406e50566362176811b6700c2eab,DELETE,regular-file,10m_cultural/ne_10m_admin_0_boundary_lines_maritime_indicator_chn.shp,2764,
f99eea5a1b8efb92277f8d6af4d6278e0102c838,DELETE,regular-file,10m_cultural/ne_10m_admin_0_boundary_lines_maritime_indicator_chn.shx,172,
f0b69e09a51673b840fe69bbd1359c62483035a0,DELETE,regular-file,10m_cultural/ne_10m_admin_0_countries.README.html,39383,
d7445e2db958606420a0e4b2267da63054668fc4,DELETE,regular-file,10m_cultural/ne_10m_admin_0_countries.VERSION.txt,7,
8dda46128f61c4efe8585942ee830092d7328197,DELETE,regular-file,10m_cultural/ne_10m_admin_0_countries.changes_log.csv,28997,
a4c85ee238a2607f91ad4b0af67153e8c9374790,DELETE,regular-file,10m_cultural/ne_10m_admin_0_countries.changes_log.csv.md,45026,
3ad133c048f2189041151425a73485649e6c32c0,DELETE,regular-file,10m_cultural/ne_10m_admin_0_countries.cpg,5,
0d66afaf65fa81968afa449516daf2fd65cbb28a,DELETE,regular-file,10m_cultural/ne_10m_admin_0_countries.dbf,878482,
827dc26b329813a2be1a72874e881793042174d1,DELETE,regular-file,10m_cultural/ne_10m_admin_0_countries.new_names.csv,100177,
f45cbadf0074d8b7b2669559a93bc50bb95f82d4,DELETE,regular-file,10m_cultural/ne_10m_admin_0_countries.prj,145,
0a00d8181daf22cf92138a415f10b6fff2b78ae9,DELETE,regular-file,10m_cultural/ne_10m_admin_0_countries.shp.changes_log.csv,29002,
db202183ec8ebe102b8a3f75517c131f96e6f06e,DELETE,regular-file,10m_cultural/ne_10m_admin_0_countries.shp.changes_log.csv.md,45033,
8c9c0b321103b015d9d29fd80c404e05653647a7,DELETE,regular-file,10m_cultural/ne_10m_admin_0_countries.shp.new_names.csv,100185,
cd9b2cafe3a48ce9858b793197ad67e3480f18db,DELETE,regular-file,10m_cultural/ne_10m_admin_0_countries.shp.summary_log.csv,727,
b34c5ba52de7e159f7b3d11b320e20c7a2ab0afc,DELETE,regular-file,10m_cultural/ne_10m_admin_0_countries.shp.summary_log.csv.md,941,
9e417c2af62695b2d6a0d68cd1059135bd9e1862,DELETE,regular-file,10m_cultural/ne_10m_admin_0_countries.shx,2164,
cd9b2cafe3a48ce9858b793197ad67e3480f18db,DELETE,regular-file,10m_cultural/ne_10m_admin_0_countries.summary_log.csv,727,
b34c5ba52de7e159f7b3d11b320e20c7a2ab0afc,DELETE,regular-file,10m_cultural/ne_10m_admin_0_countries.summary_log.csv.md,941,
f0b69e09a51673b840fe69bbd1359c62483035a0,DELETE,regular-file,10m_cultural/ne_10m_admin_0_countries_arg.README.html,39383,
d7445e2db958606420a0e4b2267da63054668fc4,DELETE,regular-file,10m_cultural/ne_10m_admin_0_countries_arg.VERSION.txt,7,
18299802cca462afcf95079bae4196c3acadb080,DELETE,regular-file,10m_cultural/ne_10m_admin_0_countries_arg.dbf,807616,
f45cbadf0074d8b7b2669559a93bc50bb95f82d4,DELETE,regular-file,10m_cultural/ne_10m_admin_0_countries_arg.prj,145,
77bed4a6020c208e9160193c7cd10175f07e12d5,DELETE,regular-file,10m_cultural/ne_10m_admin_0_countries_arg.shp,8786716,
65f07f0c3cf5833965dd864a1a774498cf69a515,DELETE,regular-file,10m_cultural/ne_10m_admin_0_countries_arg.shx,2068,
f0b69e09a51673b840fe69bbd1359c62483035a0,DELETE,regular-file,10m_cultural/ne_10m_admin_0_countries_bdg.README.html,39383,
d7445e2db958606420a0e4b2267da63054668fc4,DELETE,regular-file,10m_cultural/ne_10m_admin_0_countries_bdg.VERSION.txt,7,
bea99e10c7c1e8bd0821dc5fd6e58c69bade9a4e,DELETE,regular-file,10m_cultural/ne_10m_admin_0_countries_bdg.dbf,821082,
f45cbadf0074d8b7b2669559a93bc50bb95f82d4,DELETE,regular-file,10m_cultural/ne_10m_admin_0_countries_bdg.prj,145,
84e7b134abaf8d170e1c64792ac5b8eabeaafc02,DELETE,regular-file,10m_cultural/ne_10m_admin_0_countries_bdg.shp,8784956,
b7657552607dad6aad8bf259ea5a53f532e7a6ad,DELETE,regular-file,10m_cultural/ne_10m_admin_0_countries_bdg.shx,2084,
f0b69e09a51673b840fe69bbd1359c62483035a0,DELETE,regular-file,10m_cultural/ne_10m_admin_0_countries_bra.README.html,39383,
d7445e2db958606420a0e4b2267da63054668fc4,DELETE,regular-file,10m_cultural/ne_10m_admin_0_countries_bra.VERSION.txt,7,
57b6016afc5a468ca15406cfb68e6d33830681ef,DELETE,regular-file,10m_cultural/ne_10m_admin_0_countries_bra.dbf,842299,
f45cbadf0074d8b7b2669559a93bc50bb95f82d4,DELETE,regular-file,10m_cultural/ne_10m_admin_0_countries_bra.prj,145,
e0de5b1e5aae8ca03268c76dc2ea8eb4573ab007,DELETE,regular-file,10m_cultural/ne_10m_admin_0_countries_bra.shp,8790004,
88db428bca5dff101dcf4955f6724247f591ce3e,DELETE,regular-file,10m_cultural/ne_10m_admin_0_countries_bra.shx,2092,
e8a76946e51c7b09300b33dedca3fa14a38d07d9,DELETE,regular-file,10m_cultural/ne_10m_admin_0_countries_chn.README.html,39383,
d7445e2db958606420a0e4b2267da63054668fc4,DELETE,regular-file,10m_cultural/ne_10m_admin_0_countries_chn.VERSION.txt,7,
8fb647f9d0fd68f4640420d30264d4aeb969b402,DELETE,regular-file,10m_cultural/ne_10m_admin_0_countries_chn.dbf,794332,
f45cbadf0074d8b7b2669559a93bc50bb95f82d4,DELETE,regular-file,10m_cultural/ne_10m_admin_0_countries_chn.prj,145,
cea05077bc029197deeb5a0d309e95e16456b4dc,DELETE,regular-file,10m_cultural/ne_10m_admin_0_countries_chn.shp,8780684,
39f2c7996763085b715b4968559fa0dd98c0f83d,DELETE,regular-file,10m_cultural/ne_10m_admin_0_countries_chn.shx,2068,
f0b69e09a51673b840fe69bbd1359c62483035a0,DELETE,regular-file,10m_cultural/ne_10m_admin_0_countries_deu.README.html,39383,
d7445e2db958606420a0e4b2267da63054668fc4,DELETE,regular-file,10m_cultural/ne_10m_admin_0_countries_deu.VERSION.txt,7,
241b794093f9144e8a35dc34478b87d5107db88b,DELETE,regular-file,10m_cultural/ne_10m_admin_0_countries_deu.dbf,845660,
f45cbadf0074d8b7b2669559a93bc50bb95f82d4,DELETE,regular-file,10m_cultural/ne_10m_admin_0_countries_deu.prj,145,
d585cac726e6333281d46088046ed5eae06306ed,DELETE,regular-file,10m_cultural/ne_10m_admin_0_countries_deu.shp,8789996,
6792a6e93092574f3f5a5a513ce6854b98a9e6ff,DELETE,regular-file,10m_cultural/ne_10m_admin_0_countries_deu.shx,2100,
f0b69e09a51673b840fe69bbd1359c62483035a0,DELETE,regular-file,10m_cultural/ne_10m_admin_0_countries_egy.README.html,39383,
d7445e2db958606420a0e4b2267da63054668fc4,DELETE,regular-file,10m_cultural/ne_10m_admin_0_countries_egy.VERSION.txt,7,
882f4336255e2d8d06fc3b8b047bb35bd167b11a,DELETE,regular-file,10m_cultural/ne_10m_admin_0_countries_egy.dbf,824371,
f45cbadf0074d8b7b2669559a93bc50bb95f82d4,DELETE,regular-file,10m_cultural/ne_10m_admin_0_countries_egy.prj,145,
df7f5dffebe575d04c47ec2d37fcacc5c782bc5c,DELETE,regular-file,10m_cultural/ne_10m_admin_0_countries_egy.shp,8790568,
779e9f72d3ba590ea45f73c1845a9fb5c0cc2228,DELETE,regular-file,10m_cultural/ne_10m_admin_0_countries_egy.shx,2092,
f0b69e09a51673b840fe69bbd1359c62483035a0,DELETE,regular-file,10m_cultural/ne_10m_admin_0_countries_esp.README.html,39383,
d7445e2db958606420a0e4b2267da63054668fc4,DELETE,regular-file,10m_cultural/ne_10m_admin_0_countries_esp.VERSION.txt,7,
79255b2899b4ba74b9fd24b74cd74d9b5754b874,DELETE,regular-file,10m_cultural/ne_10m_admin_0_countries_esp.dbf,838066,
f45cbadf0074d8b7b2669559a93bc50bb95f82d4,DELETE,regular-file,10m_cultural/ne_10m_admin_0_countries_esp.prj,145,
8e0e41fa8a38f434785aff1130750cb4d193d725,DELETE,regular-file,10m_cultural/ne_10m_admin_0_countries_esp.shp,8785348,
5923b8a5d46cb18adf77d4ae02e76cac0a0b3bdd,DELETE,regular-file,10m_cultural/ne_10m_admin_0_countries_esp.shx,2092,
f0b69e09a51673b840fe69bbd1359c62483035a0,DELETE,regular-file,10m_cultural/ne_10m_admin_0_countries_fra.README.html,39383,
d7445e2db958606420a0e4b2267da63054668fc4,DELETE,regular-file,10m_cultural/ne_10m_admin_0_countries_fra.VERSION.txt,7,
c8a11b2622c8da0532e509298af60f4dfd200aee,DELETE,regular-file,10m_cultural/ne_10m_admin_0_countries_fra.dbf,841801,
f45cbadf0074d8b7b2669559a93bc50bb95f82d4,DELETE,regular-file,10m_cultural/ne_10m_admin_0_countries_fra.prj,145,
992cf69f68fe5a6f51702df3eb0814feee6bfeed,DELETE,regular-file,10m_cultural/ne_10m_admin_0_countries_fra.shp,8787748,
d76ccf619dd2d76680665cb8349ac8a16be31edb,DELETE,regular-file,10m_cultural/ne_10m_admin_0_countries_fra.shx,2092,
f0b69e09a51673b840fe69bbd1359c62483035a0,DELETE,regular-file,10m_cultural/ne_10m_admin_0_countries_gbr.README.html,39383,
d7445e2db958606420a0e4b2267da63054668fc4,DELETE,regular-file,10m_cultural/ne_10m_admin_0_countries_gbr.VERSION.txt,7,
ce6ce191f518ad4dc37b5ee2e5663d669a2209e0,DELETE,regular-file,10m_cultural/ne_10m_admin_0_countries_gbr.dbf,850527,
f45cbadf0074d8b7b2669559a93bc50bb95f82d4,DELETE,regular-file,10m_cultural/ne_10m_admin_0_countries_gbr.prj,145,
c0e7577d3037ac9e6395ac0785fcc269d6e8552f,DELETE,regular-file,10m_cultural/ne_10m_admin_0_countries_gbr.shp,8789876,
3d6b437ca44bd5226326bceef1c1f662bd8c91ac,DELETE,regular-file,10m_cultural/ne_10m_admin_0_countries_gbr.shx,2108,
f0b69e09a51673b840fe69bbd1359c62483035a0,DELETE,regular-file,10m_cultural/ne_10m_admin_0_countries_grc.README.html,39383,
d7445e2db958606420a0e4b2267da63054668fc4,DELETE,regular-file,10m_cultural/ne_10m_admin_0_countries_grc.VERSION.txt,7,
1c1ddf93e38e64596738c7542037a3f04738eca9,DELETE,regular-file,10m_cultural/ne_10m_admin_0_countries_grc.dbf,838066,
f45cbadf0074d8b7b2669559a93bc50bb95f82d4,DELETE,regular-file,10m_cultural/ne_10m_admin_0_countries_grc.prj,145,
f71bc1f4312c50272fb3b93fe71c0ccdf6347675,DELETE,regular-file,10m_cultural/ne_10m_admin_0_countries_grc.shp,8785556,
168e97e8e89205e79ef4b18ac1791746684f4812,DELETE,regular-file,10m_cultural/ne_10m_admin_0_countries_grc.shx,2092,
f0b69e09a51673b840fe69bbd1359c62483035a0,DELETE,regular-file,10m_cultural/ne_10m_admin_0_countries_idn.README.html,39383,
d7445e2db958606420a0e4b2267da63054668fc4,DELETE,regular-file,10m_cultural/ne_10m_admin_0_countries_idn.VERSION.txt,7,
b8a152d11d27105b5f4c65fe169d8cf9a4bd0c26,DELETE,regular-file,10m_cultural/ne_10m_admin_0_countries_idn.dbf,795070,
f45cbadf0074d8b7b2669559a93bc50bb95f82d4,DELETE,regular-file,10m_cultural/ne_10m_admin_0_countries_idn.prj,145,
77e981f5d06987c9918120c8413345de8aeca1cc,DELETE,regular-file,10m_cultural/ne_10m_admin_0_countries_idn.shp,8778508,
9469c472588b3f2eff3938fc51591b7b05d638f4,DELETE,regular-file,10m_cultural/ne_10m_admin_0_countries_idn.shx,2068,
f0b69e09a51673b840fe69bbd1359c62483035a0,DELETE,regular-file,10m_cultural/ne_10m_admin_0_countries_ind.README.html,39383,
d7445e2db958606420a0e4b2267da63054668fc4,DELETE,regular-file,10m_cultural/ne_10m_admin_0_countries_ind.VERSION.txt,7,
84a54d88c4c78e08fc35cc9034a97adf3c6b6e1b,DELETE,regular-file,10m_cultural/ne_10m_admin_0_countries_ind.dbf,831498,
f45cbadf0074d8b7b2669559a93bc50bb95f82d4,DELETE,regular-file,10m_cultural/ne_10m_admin_0_countries_ind.prj,145,
c28037b499b61d668a61a48d9cf2c8421423d4c0,DELETE,regular-file,10m_cultural/ne_10m_admin_0_countries_ind.shp,8802348,
c0164d72c9a176412aa78de61c56a4f9d64fa9f1,DELETE,regular-file,10m_cultural/ne_10m_admin_0_countries_ind.shx,2084,
f0b69e09a51673b840fe69bbd1359c62483035a0,DELETE,regular-file,10m_cultural/ne_10m_admin_0_countries_iso.README.html,39383,
d7445e2db958606420a0e4b2267da63054668fc4,DELETE,regular-file,10m_cultural/ne_10m_admin_0_countries_iso.VERSION.txt,7,
cec3e04ff06fca72056f6889d145160e4c122f65,DELETE,regular-file,10m_cultural/ne_10m_admin_0_countries_iso.dbf,778306,
f45cbadf0074d8b7b2669559a93bc50bb95f82d4,DELETE,regular-file,10m_cultural/ne_10m_admin_0_countries_iso.prj,145,
7c266641f52de46cd2b10025cf7424122a1d3c80,DELETE,regular-file,10m_cultural/ne_10m_admin_0_countries_iso.shp,8750444,
6f611287eef100f53ec64a6de70ea10c9173ba72,DELETE,regular-file,10m_cultural/ne_10m_admin_0_countries_iso.shx,2092,
f0b69e09a51673b840fe69bbd1359c62483035a0,DELETE,regular-file,10m_cultural/ne_10m_admin_0_countries_isr.README.html,39383,
d7445e2db958606420a0e4b2267da63054668fc4,DELETE,regular-file,10m_cultural/ne_10m_admin_0_countries_isr.VERSION.txt,7,
d676bafd95cdafe61ad77f5b0544926f5df53ff9,DELETE,regular-file,10m_cultural/ne_10m_admin_0_countries_isr.dbf,845660,
f45cbadf0074d8b7b2669559a93bc50bb95f82d4,DELETE,regular-file,10m_cultural/ne_10m_admin_0_countries_isr.prj,145,
d63dfcde781d2736ee4ac2d6df7a0ff481c9b02e,DELETE,regular-file,10m_cultural/ne_10m_admin_0_countries_isr.shp,8789548,
bf0caaf747b30363360f037afb5b2e849664bf8c,DELETE,regular-file,10m_cultural/ne_10m_admin_0_countries_isr.shx,2100,
f0b69e09a51673b840fe69bbd1359c62483035a0,DELETE,regular-file,10m_cultural/ne_10m_admin_0_countries_ita.README.html,39383,
d7445e2db958606420a0e4b2267da63054668fc4,DELETE,regular-file,10m_cultural/ne_10m_admin_0_countries_ita.VERSION.txt,7,
1c0b5c35cd67305ebd4de723742dbedd8a7bd96f,DELETE,regular-file,10m_cultural/ne_10m_admin_0_countries_ita.dbf,845660,
f45cbadf0074d8b7b2669559a93bc50bb95f82d4,DELETE,regular-file,10m_cultural/ne_10m_admin_0_countries_ita.prj,145,
6e492a2780c1180fc029ac3232568f2af6c12cd4,DELETE,regular-file,10m_cultural/ne_10m_admin_0_countries_ita.shp,8789756,
5ceb11c94b0eb3881e7f22623948aacede7680c7,DELETE,regular-file,10m_cultural/ne_10m_admin_0_countries_ita.shx,2100,
f0b69e09a51673b840fe69bbd1359c62483035a0,DELETE,regular-file,10m_cultural/ne_10m_admin_0_countries_jpn.README.html,39383,
d7445e2db958606420a0e4b2267da63054668fc4,DELETE,regular-file,10m_cultural/ne_10m_admin_0_countries_jpn.VERSION.txt,7,
7b911109f69127af1170f2e0300dc0dd54e136d3,DELETE,regular-file,10m_cultural/ne_10m_admin_0_countries_jpn.dbf,845660,
f45cbadf0074d8b7b2669559a93bc50bb95f82d4,DELETE,regular-file,10m_cultural/ne_10m_admin_0_countries_jpn.prj,145,
f258f4c82076b91d96167cba93d221a0b15c0d0b,DELETE,regular-file,10m_cultural/ne_10m_admin_0_countries_jpn.shp,8789840,
f88afa5e6481f72d573d9e20b0f59c676d78e380,DELETE,regular-file,10m_cultural/ne_10m_admin_0_countries_jpn.shx,2100,
f0b69e09a51673b840fe69bbd1359c62483035a0,DELETE,regular-file,10m_cultural/ne_10m_admin_0_countries_kor.README.html,39383,
d7445e2db958606420a0e4b2267da63054668fc4,DELETE,regular-file,10m_cultural/ne_10m_admin_0_countries_kor.VERSION.txt,7,
307acb20c631f34d370122012892d32a64027a6e,DELETE,regular-file,10m_cultural/ne_10m_admin_0_countries_kor.dbf,845660,
f45cbadf0074d8b7b2669559a93bc50bb95f82d4,DELETE,regular-file,10m_cultural/ne_10m_admin_0_countries_kor.prj,145,
028f84d7937edcb3061e8c21f9d6d857b0b5fc68,DELETE,regular-file,10m_cultural/ne_10m_admin_0_countries_kor.shp,8790464,
811e0f88a5b11c1130cfd84574f33e50e60fa9cd,DELETE,regular-file,10m_cultural/ne_10m_admin_0_countries_kor.shx,2100,
f0b69e09a51673b840fe69bbd1359c62483035a0,DELETE,regular-file,10m_cultural/ne_10m_admin_0_countries_lakes.README.html,39383,
d7445e2db958606420a0e4b2267da63054668fc4,DELETE,regular-file,10m_cultural/ne_10m_admin_0_countries_lakes.VERSION.txt,7,
8dda46128f61c4efe8585942ee830092d7328197,DELETE,regular-file,10m_cultural/ne_10m_admin_0_countries_lakes.changes_log.csv,28997,
a4c85ee238a2607f91ad4b0af67153e8c9374790,DELETE,regular-file,10m_cultural/ne_10m_admin_0_countries_lakes.changes_log.csv.md,45026,
3ad133c048f2189041151425a73485649e6c32c0,DELETE,regular-file,10m_cultural/ne_10m_admin_0_countries_lakes.cpg,5,
0d66afaf65fa81968afa449516daf2fd65cbb28a,DELETE,regular-file,10m_cultural/ne_10m_admin_0_countries_lakes.dbf,878482,
827dc26b329813a2be1a72874e881793042174d1,DELETE,regular-file,10m_cultural/ne_10m_admin_0_countries_lakes.new_names.csv,100177,
f45cbadf0074d8b7b2669559a93bc50bb95f82d4,DELETE,regular-file,10m_cultural/ne_10m_admin_0_countries_lakes.prj,145,
310e8bbd88dfab2bfb3563d7ab186ca9d9c02923,DELETE,regular-file,10m_cultural/ne_10m_admin_0_countries_lakes.shp,9015152,
0a00d8181daf22cf92138a415f10b6fff2b78ae9,DELETE,regular-file,10m_cultural/ne_10m_admin_0_countries_lakes.shp.changes_log.csv,29002,
db202183ec8ebe102b8a3f75517c131f96e6f06e,DELETE,regular-file,10m_cultural/ne_10m_admin_0_countries_lakes.shp.changes_log.csv.md,45033,
8c9c0b321103b015d9d29fd80c404e05653647a7,DELETE,regular-file,10m_cultural/ne_10m_admin_0_countries_lakes.shp.new_names.csv,100185,
dfb02414fbbf94a2b7177ec68babe810c6cf8dcf,DELETE,regular-file,10m_cultural/ne_10m_admin_0_countries_lakes.shp.summary_log.csv,787,
1d9db1a11a473f5cc0bb78e99ec578ced8afaeaa,DELETE,regular-file,10m_cultural/ne_10m_admin_0_countries_lakes.shp.summary_log.csv.md,1013,
b7dda91106884fbdccaba813530c709d51e06182,DELETE,regular-file,10m_cultural/ne_10m_admin_0_countries_lakes.shx,2164,
dfb02414fbbf94a2b7177ec68babe810c6cf8dcf,DELETE,regular-file,10m_cultural/ne_10m_admin_0_countries_lakes.summary_log.csv,787,
1d9db1a11a473f5cc0bb78e99ec578ced8afaeaa,DELETE,regular-file,10m_cultural/ne_10m_admin_0_countries_lakes.summary_log.csv.md,1013,
f0b69e09a51673b840fe69bbd1359c62483035a0,DELETE,regular-file,10m_cultural/ne_10m_admin_0_countries_mar.README.html,39383,
d7445e2db958606420a0e4b2267da63054668fc4,DELETE,regular-file,10m_cultural/ne_10m_admin_0_countries_mar.VERSION.txt,7,
3238c5f79c1c654c737a8be5dd842ea4f44a7f51,DELETE,regular-file,10m_cultural/ne_10m_admin_0_countries_mar.dbf,798280,
f45cbadf0074d8b7b2669559a93bc50bb95f82d4,DELETE,regular-file,10m_cultural/ne_10m_admin_0_countries_mar.prj,145,
ef5ecd036ef67b2d3ab5f5fb05601d16dd027d51,DELETE,regular-file,10m_cultural/ne_10m_admin_0_countries_mar.shp,8783584,
07e056878833b1edf589603b603495a5c6339166,DELETE,regular-file,10m_cultural/ne_10m_admin_0_countries_mar.shx,2076,
f0b69e09a51673b840fe69bbd1359c62483035a0,DELETE,regular-file,10m_cultural/ne_10m_admin_0_countries_nep.README.html,39383,
d7445e2db958606420a0e4b2267da63054668fc4,DELETE,regular-file,10m_cultural/ne_10m_admin_0_countries_nep.VERSION.txt,7,
c92a05433e674b2b455870d3f5da77b18e7e22f4,DELETE,regular-file,10m_cultural/ne_10m_admin_0_countries_nep.dbf,810170,
f45cbadf0074d8b7b2669559a93bc50bb95f82d4,DELETE,regular-file,10m_cultural/ne_10m_admin_0_countries_nep.prj,145,
1ac19a7a229c79663669f25500415ff8f3f20548,DELETE,regular-file,10m_cultural/ne_10m_admin_0_countries_nep.shp,8802752,
707f4f6d4dc4cbc48f956165bfbae5474ebc05a5,DELETE,regular-file,10m_cultural/ne_10m_admin_0_countries_nep.shx,2084,
f0b69e09a51673b840fe69bbd1359c62483035a0,DELETE,regular-file,10m_cultural/ne_10m_admin_0_countries_nld.README.html,39383,
d7445e2db958606420a0e4b2267da63054668fc4,DELETE,regular-file,10m_cultural/ne_10m_admin_0_countries_nld.VERSION.txt,7,
8289a9c18ed449eb0a08c305ea2f0c517f1c41f3,DELETE,regular-file,10m_cultural/ne_10m_admin_0_countries_nld.dbf,841801,
f45cbadf0074d8b7b2669559a93bc50bb95f82d4,DELETE,regular-file,10m_cultural/ne_10m_admin_0_countries_nld.prj,145,
c726384361bef86dda570874ab1a6eca8667da02,DELETE,regular-file,10m_cultural/ne_10m_admin_0_countries_nld.shp,8787508,
3cf5c02886bd91d7466caa653d6813c2770d66f1,DELETE,regular-file,10m_cultural/ne_10m_admin_0_countries_nld.shx,2092,
f0b69e09a51673b840fe69bbd1359c62483035a0,DELETE,regular-file,10m_cultural/ne_10m_admin_0_countries_pak.README.html,39383,
d7445e2db958606420a0e4b2267da63054668fc4,DELETE,regular-file,10m_cultural/ne_10m_admin_0_countries_pak.VERSION.txt,7,
ba355216f83d9f018d09ed26222479fdeffaf150,DELETE,regular-file,10m_cultural/ne_10m_admin_0_countries_pak.dbf,821082,
f45cbadf0074d8b7b2669559a93bc50bb95f82d4,DELETE,regular-file,10m_cultural/ne_10m_admin_0_countries_pak.prj,145,
1bcc201f34d7be6662830cc546a254c3ac091fe4,DELETE,regular-file,10m_cultural/ne_10m_admin_0_countries_pak.shp,8787632,
379fe1ac57ae8d7bcf681f14eec8b47237387b92,DELETE,regular-file,10m_cultural/ne_10m_admin_0_countries_pak.shx,2084,
f0b69e09a51673b840fe69bbd1359c62483035a0,DELETE,regular-file,10m_cultural/ne_10m_admin_0_countries_pol.README.html,39383,
d7445e2db958606420a0e4b2267da63054668fc4,DELETE,regular-file,10m_cultural/ne_10m_admin_0_countries_pol.VERSION.txt,7,
affc81d7376d483591158e565724e7c92abdca51,DELETE,regular-file,10m_cultural/ne_10m_admin_0_countries_pol.dbf,841801,
f45cbadf0074d8b7b2669559a93bc50bb95f82d4,DELETE,regular-file,10m_cultural/ne_10m_admin_0_countries_pol.prj,145,
c726384361bef86dda570874ab1a6eca8667da02,DELETE,regular-file,10m_cultural/ne_10m_admin_0_countries_pol.shp,8787508,
3cf5c02886bd91d7466caa653d6813c2770d66f1,DELETE,regular-file,10m_cultural/ne_10m_admin_0_countries_pol.shx,2092,
f0b69e09a51673b840fe69bbd1359c62483035a0,DELETE,regular-file,10m_cultural/ne_10m_admin_0_countries_prt.README.html,39383,
d7445e2db958606420a0e4b2267da63054668fc4,DELETE,regular-file,10m_cultural/ne_10m_admin_0_countries_prt.VERSION.txt,7,
adc3968fd6d30cc794272a5fdf534fa2ec9ce565,DELETE,regular-file,10m_cultural/ne_10m_admin_0_countries_prt.dbf,845660,
f45cbadf0074d8b7b2669559a93bc50bb95f82d4,DELETE,regular-file,10m_cultural/ne_10m_admin_0_countries_prt.prj,145,
3fda5ad68625fc543dd5a67a31b68e9f131d8a0f,DELETE,regular-file,10m_cultural/ne_10m_admin_0_countries_prt.shp,8789692,
52683d2552e1e00dde28242aea0d68f4a6af65ff,DELETE,regular-file,10m_cultural/ne_10m_admin_0_countries_prt.shx,2100,
f0b69e09a51673b840fe69bbd1359c62483035a0,DELETE,regular-file,10m_cultural/ne_10m_admin_0_countries_pse.README.html,39383,
d7445e2db958606420a0e4b2267da63054668fc4,DELETE,regular-file,10m_cultural/ne_10m_admin_0_countries_pse.VERSION.txt,7,
df17a6c7f05a3af4438c852567b8ad746e9a2efc,DELETE,regular-file,10m_cultural/ne_10m_admin_0_countries_pse.dbf,861477,
f45cbadf0074d8b7b2669559a93bc50bb95f82d4,DELETE,regular-file,10m_cultural/ne_10m_admin_0_countries_pse.prj,145,
cea73fb5de997853abd7c6642c0bb8e7de296800,DELETE,regular-file,10m_cultural/ne_10m_admin_0_countries_pse.shp,8787800,
8da036fa3a24e2e49848e163b1f88823d92afcc0,DELETE,regular-file,10m_cultural/ne_10m_admin_0_countries_pse.shx,2156,
f0b69e09a51673b840fe69bbd1359c62483035a0,DELETE,regular-file,10m_cultural/ne_10m_admin_0_countries_rus.README.html,39383,
d7445e2db958606420a0e4b2267da63054668fc4,DELETE,regular-file,10m_cultural/ne_10m_admin_0_countries_rus.VERSION.txt,7,
dd1dc5e903a207d462d97183d4a0d48418a65334,DELETE,regular-file,10m_cultural/ne_10m_admin_0_countries_rus.dbf,849912,
f45cbadf0074d8b7b2669559a93bc50bb95f82d4,DELETE,regular-file,10m_cultural/ne_10m_admin_0_countries_rus.prj,145,
3c861b7d733f322eec8002f458a353042020893a,DELETE,regular-file,10m_cultural/ne_10m_admin_0_countries_rus.shp,8822992,
350c64e2c9979bc84939bd9f3275da8dce967378,DELETE,regular-file,10m_cultural/ne_10m_admin_0_countries_rus.shx,2156,
f0b69e09a51673b840fe69bbd1359c62483035a0,DELETE,regular-file,10m_cultural/ne_10m_admin_0_countries_sau.README.html,39383,
d7445e2db958606420a0e4b2267da63054668fc4,DELETE,regular-file,10m_cultural/ne_10m_admin_0_countries_sau.VERSION.txt,7,
d4ec93bb391712a2714027156f930794b6c624f5,DELETE,regular-file,10m_cultural/ne_10m_admin_0_countries_sau.dbf,841801,
f45cbadf0074d8b7b2669559a93bc50bb95f82d4,DELETE,regular-file,10m_cultural/ne_10m_admin_0_countries_sau.prj,145,
7d24a93fae81a786a07c5c41ccaed02db96d5933,DELETE,regular-file,10m_cultural/ne_10m_admin_0_countries_sau.shp,8783668,
833ac6f005fe6a16fe9e10819ef1fe197ec9ccdb,DELETE,regular-file,10m_cultural/ne_10m_admin_0_countries_sau.shx,2092,
f0b69e09a51673b840fe69bbd1359c62483035a0,DELETE,regular-file,10m_cultural/ne_10m_admin_0_countries_swe.README.html,39383,
d7445e2db958606420a0e4b2267da63054668fc4,DELETE,regular-file,10m_cultural/ne_10m_admin_0_countries_swe.VERSION.txt,7,
b50daf74e189f035dd797ea96ea3713d7c3067ff,DELETE,regular-file,10m_cultural/ne_10m_admin_0_countries_swe.dbf,845660,
f45cbadf0074d8b7b2669559a93bc50bb95f82d4,DELETE,regular-file,10m_cultural/ne_10m_admin_0_countries_swe.prj,145,
6e492a2780c1180fc029ac3232568f2af6c12cd4,DELETE,regular-file,10m_cultural/ne_10m_admin_0_countries_swe.shp,8789756,
5ceb11c94b0eb3881e7f22623948aacede7680c7,DELETE,regular-file,10m_cultural/ne_10m_admin_0_countries_swe.shx,2100,
f0b69e09a51673b840fe69bbd1359c62483035a0,DELETE,regular-file,10m_cultural/ne_10m_admin_0_countries_tlc.README.html,39383,
d7445e2db958606420a0e4b2267da63054668fc4,DELETE,regular-file,10m_cultural/ne_10m_admin_0_countries_tlc.VERSION.txt,7,
e247311c41640f9e226c643061d0f9afbf8d6720,DELETE,regular-file,10m_cultural/ne_10m_admin_0_countries_tlc.dbf,1186228,
f45cbadf0074d8b7b2669559a93bc50bb95f82d4,DELETE,regular-file,10m_cultural/ne_10m_admin_0_countries_tlc.prj,145,
1d5a852e597ee2dd61a5c601d687947820509e17,DELETE,regular-file,10m_cultural/ne_10m_admin_0_countries_tlc.shp,8871556,
473da190c4e76812c85e07bf8214303172c42f52,DELETE,regular-file,10m_cultural/ne_10m_admin_0_countries_tlc.shx,2764,
f0b69e09a51673b840fe69bbd1359c62483035a0,DELETE,regular-file,10m_cultural/ne_10m_admin_0_countries_tur.README.html,39383,
d7445e2db958606420a0e4b2267da63054668fc4,DELETE,regular-file,10m_cultural/ne_10m_admin_0_countries_tur.VERSION.txt,7,
df8c33f4934ae0150ba4e7282830a74104aa87c0,DELETE,regular-file,10m_cultural/ne_10m_admin_0_countries_tur.dbf,848160,
f45cbadf0074d8b7b2669559a93bc50bb95f82d4,DELETE,regular-file,10m_cultural/ne_10m_admin_0_countries_tur.prj,145,
26f1fb44610355e94fdfe10fb05aaa823ab5a571,DELETE,regular-file,10m_cultural/ne_10m_admin_0_countries_tur.shp,8793688,
fb7aa6d12d07297ee8d40d446eea7292455e5109,DELETE,regular-file,10m_cultural/ne_10m_admin_0_countries_tur.shx,2100,
f0b69e09a51673b840fe69bbd1359c62483035a0,DELETE,regular-file,10m_cultural/ne_10m_admin_0_countries_twn.README.html,39383,
d7445e2db958606420a0e4b2267da63054668fc4,DELETE,regular-file,10m_cultural/ne_10m_admin_0_countries_twn.VERSION.txt,7,
6f059b68ed313dcf8ce7fbb9f6a9d39a365d8896,DELETE,regular-file,10m_cultural/ne_10m_admin_0_countries_twn.dbf,839311,
f45cbadf0074d8b7b2669559a93bc50bb95f82d4,DELETE,regular-file,10m_cultural/ne_10m_admin_0_countries_twn.prj,145,
66b8e22455993cc67e968b89a296ceee3c087b86,DELETE,regular-file,10m_cultural/ne_10m_admin_0_countries_twn.shp,8786200,
0bde72c77d091ec66f4c344b1096e6cd8a963237,DELETE,regular-file,10m_cultural/ne_10m_admin_0_countries_twn.shx,2092,
f0b69e09a51673b840fe69bbd1359c62483035a0,DELETE,regular-file,10m_cultural/ne_10m_admin_0_countries_ukr.README.html,39383,
d7445e2db958606420a0e4b2267da63054668fc4,DELETE,regular-file,10m_cultural/ne_10m_admin_0_countries_ukr.VERSION.txt,7,
a888d62c61cce74a0957d713f39725ca93c75756,DELETE,regular-file,10m_cultural/ne_10m_admin_0_countries_ukr.dbf,838066,
f45cbadf0074d8b7b2669559a93bc50bb95f82d4,DELETE,regular-file,10m_cultural/ne_10m_admin_0_countries_ukr.prj,145,
4bdad0d034204d439132e6c0c0ca927ce7bdfabf,DELETE,regular-file,10m_cultural/ne_10m_admin_0_countries_ukr.shp,8785796,
f1b4e53cf4428a2548102b3f6a86899e1a44d470,DELETE,regular-file,10m_cultural/ne_10m_admin_0_countries_ukr.shx,2092,
f0b69e09a51673b840fe69bbd1359c62483035a0,DELETE,regular-file,10m_cultural/ne_10m_admin_0_countries_usa.README.html,39383,
d7445e2db958606420a0e4b2267da63054668fc4,DELETE,regular-file,10m_cultural/ne_10m_admin_0_countries_usa.VERSION.txt,7,
f3e4593c5cd61a908b06d7fc3038a4fd5e434c91,DELETE,regular-file,10m_cultural/ne_10m_admin_0_countries_usa.dbf,854902,
f45cbadf0074d8b7b2669559a93bc50bb95f82d4,DELETE,regular-file,10m_cultural/ne_10m_admin_0_countries_usa.prj,145,
b888269747776015e1dc1d2241b0fe99e6248094,DELETE,regular-file,10m_cultural/ne_10m_admin_0_countries_usa.shp,8793884,
1dd8f886e0110ba444b4844d5b2e7ed50d71d606,DELETE,regular-file,10m_cultural/ne_10m_admin_0_countries_usa.shx,2116,
f0b69e09a51673b840fe69bbd1359c62483035a0,DELETE,regular-file,10m_cultural/ne_10m_admin_0_countries_vnm.README.html,39383,
d7445e2db958606420a0e4b2267da63054668fc4,DELETE,regular-file,10m_cultural/ne_10m_admin_0_countries_vnm.VERSION.txt,7,
9b3b9d3f9c0cc6be7b8a1177dd0363bc74abe3ff,DELETE,regular-file,10m_cultural/ne_10m_admin_0_countries_vnm.dbf,829018,
f45cbadf0074d8b7b2669559a93bc50bb95f82d4,DELETE,regular-file,10m_cultural/ne_10m_admin_0_countries_vnm.prj,145,
f04cb5b753332d5c0a24a4e94fd519970c795f0d,DELETE,regular-file,10m_cultural/ne_10m_admin_0_countries_vnm.shp,8787052,
89d3bcda1e4441082962436f4ef6b411975b71dc,DELETE,regular-file,10m_cultural/ne_10m_admin_0_countries_vnm.shx,2084,
db936a2841e9c78c744f7e2022d64273c17fa1a6,DELETE,regular-file,10m_cultural/ne_10m_admin_0_disputed_areas.README.html,42288,
d7445e2db958606420a0e4b2267da63054668fc4,DELETE,regular-file,10m_cultural/ne_10m_admin_0_disputed_areas.VERSION.txt,7,
f8e037c583acaa286a5339d70d7c4d71bbaad34d,DELETE,regular-file,10m_cultural/ne_10m_admin_0_disputed_areas.changes_log.csv,26945,
d67883c25e55207b9ff4bae07edb236e71415340,DELETE,regular-file,10m_cultural/ne_10m_admin_0_disputed_areas.changes_log.csv.md,40214,
3ad133c048f2189041151425a73485649e6c32c0,DELETE,regular-file,10m_cultural/ne_10m_admin_0_disputed_areas.cpg,5,
ceb7947a2fa303923664f9f21b63cdee942a4248,DELETE,regular-file,10m_cultural/ne_10m_admin_0_disputed_areas.dbf,326368,
c29e52c82237e1cb08c30099040fce851e35e8fa,DELETE,regular-file,10m_cultural/ne_10m_admin_0_disputed_areas.new_names.csv,27272,
f45cbadf0074d8b7b2669559a93bc50bb95f82d4,DELETE,regular-file,10m_cultural/ne_10m_admin_0_disputed_areas.prj,145,
44764cb484fab5e131b379cfa5da0e82ff3e4edf,DELETE,regular-file,10m_cultural/ne_10m_admin_0_disputed_areas.shp,243156,
f8e037c583acaa286a5339d70d7c4d71bbaad34d,DELETE,regular-file,10m_cultural/ne_10m_admin_0_disputed_areas.shp.changes_log.csv,26945,
d67883c25e55207b9ff4bae07edb236e71415340,DELETE,regular-file,10m_cultural/ne_10m_admin_0_disputed_areas.shp.changes_log.csv.md,40214,
6a46f2b1d60a30c1b3d87462103ae99c65560745,DELETE,regular-file,10m_cultural/ne_10m_admin_0_disputed_areas.shp.new_names.csv,27272,
3c0b298629a68ea47facab87d8dc543753fe0b0c,DELETE,regular-file,10m_cultural/ne_10m_admin_0_disputed_areas.shp.summary_log.csv,775,
0f756610a1fc9180de778c93154f32475f73aab7,DELETE,regular-file,10m_cultural/ne_10m_admin_0_disputed_areas.shp.summary_log.csv.md,999,
afeec49aa179a2f53ea697697ce69f3761e7404d,DELETE,regular-file,10m_cultural/ne_10m_admin_0_disputed_areas.shx,892,
3c0b298629a68ea47facab87d8dc543753fe0b0c,DELETE,regular-file,10m_cultural/ne_10m_admin_0_disputed_areas.summary_log.csv,775,
0f756610a1fc9180de778c93154f32475f73aab7,DELETE,regular-file,10m_cultural/ne_10m_admin_0_disputed_areas.summary_log.csv.md,999,
db936a2841e9c78c744f7e2022d64273c17fa1a6,DELETE,regular-file,10m_cultural/ne_10m_admin_0_disputed_areas_scale_rank_minor_islands.README.html,42288,
d7445e2db958606420a0e4b2267da63054668fc4,DELETE,regular-file,10m_cultural/ne_10m_admin_0_disputed_areas_scale_rank_minor_islands.VERSION.txt,7,
3ad133c048f2189041151425a73485649e6c32c0,DELETE,regular-file,10m_cultural/ne_10m_admin_0_disputed_areas_scale_rank_minor_islands.cpg,5,
2d8895685045bfa33f42879b00630bfda3d3ac13,DELETE,regular-file,10m_cultural/ne_10m_admin_0_disputed_areas_scale_rank_minor_islands.dbf,32506,
f45cbadf0074d8b7b2669559a93bc50bb95f82d4,DELETE,regular-file,10m_cultural/ne_10m_admin_0_disputed_areas_scale_rank_minor_islands.prj,145,
526ecd26e6ee4af035cd4edabd6b59e1e0140fe5,DELETE,regular-file,10m_cultural/ne_10m_admin_0_disputed_areas_scale_rank_minor_islands.shp,254012,
9616640da2c79d067b3787cff027eedb00e4fe54,DELETE,regular-file,10m_cultural/ne_10m_admin_0_disputed_areas_scale_rank_minor_islands.shx,2484,
add1e098c52e3f200a89108cafc544b1b6f4cbc3,DELETE,regular-file,10m_cultural/ne_10m_admin_0_label_points.README.html,40808,
83817d353bfc909bf559e6bacf67a4a58e4d251a,DELETE,regular-file,10m_cultural/ne_10m_admin_0_label_points.VERSION.txt,7,
3ad133c048f2189041151425a73485649e6c32c0,DELETE,regular-file,10m_cultural/ne_10m_admin_0_label_points.cpg,5,
18ef1c9ce788e695d6e4c6f0776a4dabc0a45b8e,DELETE,regular-file,10m_cultural/ne_10m_admin_0_label_points.dbf,1923802,
f45cbadf0074d8b7b2669559a93bc50bb95f82d4,DELETE,regular-file,10m_cultural/ne_10m_admin_0_label_points.prj,145,
4c0beef04ad12c6f34e7854991094e09cc7a7524,DELETE,regular-file,10m_cultural/ne_10m_admin_0_label_points.shp,199572,
0c809b4386dedacfee3e2005f359a12202546b5a,DELETE,regular-file,10m_cultural/ne_10m_admin_0_label_points.shx,57092,
942c663309c66fa613c0f4616ab867524674fbe9,DELETE,regular-file,10m_cultural/ne_10m_admin_0_map_subunits.README.html,92821,
d7445e2db958606420a0e4b2267da63054668fc4,DELETE,regular-file,10m_cultural/ne_10m_admin_0_map_subunits.VERSION.txt,7,
b3078df32bed097fe31759d5f10e0c709aa29524,DELETE,regular-file,10m_cultural/ne_10m_admin_0_map_subunits.changes_log.csv,54152,
df2da46533b1ac57e99408efb0d202c8d4d57927,DELETE,regular-file,10m_cultural/ne_10m_admin_0_map_subunits.changes_log.csv.md,91999,
3ad133c048f2189041151425a73485649e6c32c0,DELETE,regular-file,10m_cultural/ne_10m_admin_0_map_subunits.cpg,5,
ae9a62e3b84ac320c92e28c653ed30f1ed7d74f5,DELETE,regular-file,10m_cultural/ne_10m_admin_0_map_subunits.dbf,1324450,
ae02f8f53433882af31a0695cd5ebb64a8f4c028,DELETE,regular-file,10m_cultural/ne_10m_admin_0_map_subunits.new_names.csv,135089,
f45cbadf0074d8b7b2669559a93bc50bb95f82d4,DELETE,regular-file,10m_cultural/ne_10m_admin_0_map_subunits.prj,145,
cecff98f0581b562ea193223eaa125d1a0a4f5f5,DELETE,regular-file,10m_cultural/ne_10m_admin_0_map_subunits.shp,8884504,
3e59c89962cc3c579eb5eb1c304c4c6501a217d4,DELETE,regular-file,10m_cultural/ne_10m_admin_0_map_subunits.shp.changes_log.csv,54120,
2617e87b902dd15a9fdca80f9ec740c346ac3caa,DELETE,regular-file,10m_cultural/ne_10m_admin_0_map_subunits.shp.changes_log.csv.md,91969,
bf430d4e0f8164124a10414075e6eb6c2c3addd5,DELETE,regular-file,10m_cultural/ne_10m_admin_0_map_subunits.shp.new_names.csv,135101,
ca246c40ccb6bd20a7205a6c22541865591c137f,DELETE,regular-file,10m_cultural/ne_10m_admin_0_map_subunits.shp.summary_log.csv,758,
e26935aad89d901d5db4f4555495265349303ce7,DELETE,regular-file,10m_cultural/ne_10m_admin_0_map_subunits.shp.summary_log.csv.md,978,
e3d0f55ba6753c1465e4fb7f8bfc7bb2891a5843,DELETE,regular-file,10m_cultural/ne_10m_admin_0_map_subunits.shx,2980,
ca246c40ccb6bd20a7205a6c22541865591c137f,DELETE,regular-file,10m_cultural/ne_10m_admin_0_map_subunits.summary_log.csv,758,
e26935aad89d901d5db4f4555495265349303ce7,DELETE,regular-file,10m_cultural/ne_10m_admin_0_map_subunits.summary_log.csv.md,978,
942c663309c66fa613c0f4616ab867524674fbe9,DELETE,regular-file,10m_cultural/ne_10m_admin_0_map_units.README.html,92821,
d7445e2db958606420a0e4b2267da63054668fc4,DELETE,regular-file,10m_cultural/ne_10m_admin_0_map_units.VERSION.txt,7,
011854e58deb9b3d7baad4b45948094d75a1f7e1,DELETE,regular-file,10m_cultural/ne_10m_admin_0_map_units.changes_log.csv,30989,
774233e46027c24ea97834adc95fe89e321588f8,DELETE,regular-file,10m_cultural/ne_10m_admin_0_map_units.changes_log.csv.md,50287,
3ad133c048f2189041151425a73485649e6c32c0,DELETE,regular-file,10m_cultural/ne_10m_admin_0_map_units.cpg,5,
d4cdfae2ad126ca34dc3e6a2aa6027cf5c6a15c7,DELETE,regular-file,10m_cultural/ne_10m_admin_0_map_units.dbf,1124400,
04f2867c6d139664e657f38818a5e35808480ca8,DELETE,regular-file,10m_cultural/ne_10m_admin_0_map_units.new_names.csv,115166,
f45cbadf0074d8b7b2669559a93bc50bb95f82d4,DELETE,regular-file,10m_cultural/ne_10m_admin_0_map_units.prj,145,
2af840c84a4a36d15cea949537fadb29fb1a28af,DELETE,regular-file,10m_cultural/ne_10m_admin_0_map_units.shp,8878092,
38734eb034116a303910f7dbc8fbfa6c6505c865,DELETE,regular-file,10m_cultural/ne_10m_admin_0_map_units.shp.changes_log.csv,30957,
5e683284387d6b2baa49532b242a23a4e1eafcf0,DELETE,regular-file,10m_cultural/ne_10m_admin_0_map_units.shp.changes_log.csv.md,50257,
3ed758cc6470ab5d77aad5316666b6bc44068751,DELETE,regular-file,10m_cultural/ne_10m_admin_0_map_units.shp.new_names.csv,115178,
f802406fa9c563649cc916a08e17b985587d75ae,DELETE,regular-file,10m_cultural/ne_10m_admin_0_map_units.shp.summary_log.csv,727,
148e8b0e14c73d3ec9bd2b73f9351bfe050d8661,DELETE,regular-file,10m_cultural/ne_10m_admin_0_map_units.shp.summary_log.csv.md,941,
2e24dcd3d92f1827ac811aa84921eaf6c34b3589,DELETE,regular-file,10m_cultural/ne_10m_admin_0_map_units.shx,2484,
f802406fa9c563649cc916a08e17b985587d75ae,DELETE,regular-file,10m_cultural/ne_10m_admin_0_map_units.summary_log.csv,727,
148e8b0e14c73d3ec9bd2b73f9351bfe050d8661,DELETE,regular-file,10m_cultural/ne_10m_admin_0_map_units.summary_log.csv.md,941,
3ad133c048f2189041151425a73485649e6c32c0,DELETE,regular-file,10m_cultural/ne_10m_admin_0_names.cpg,5,
b68eecc24b6f28183ab9feeb73b5515a283f9d76,DELETE,regular-file,10m_cultural/ne_10m_admin_0_names.dbf,1751412,
cad6d72b64dfeab94d1e7eff1a489d69c4aa0fa0,DELETE,regular-file,10m_cultural/ne_10m_admin_0_names.shp,6160,
7fb3f39b717c73de6d567586b45c761e978494af,DELETE,regular-file,10m_cultural/ne_10m_admin_0_names.shx,4140,
86a00d080ba0fec64f8db8311cba6dfe5155eadd,DELETE,regular-file,10m_cultural/ne_10m_admin_0_pacific_groupings.README.html,39528,
8260c8642285f9f1312eb293181c8b1239a8d7aa,DELETE,regular-file,10m_cultural/ne_10m_admin_0_pacific_groupings.VERSION.txt,7,
3ad133c048f2189041151425a73485649e6c32c0,DELETE,regular-file,10m_cultural/ne_10m_admin_0_pacific_groupings.cpg,5,
79690deff1a48260d7b908199aad5c90a236ec6f,DELETE,regular-file,10m_cultural/ne_10m_admin_0_pacific_groupings.dbf,3690,
f45cbadf0074d8b7b2669559a93bc50bb95f82d4,DELETE,regular-file,10m_cultural/ne_10m_admin_0_pacific_groupings.prj,145,
35eceee3c8defde5f8821e8fec849c8680ce67ef,DELETE,regular-file,10m_cultural/ne_10m_admin_0_pacific_groupings.shp,34956,
59530aa8cc495c98df7bb47b0f86ff2eaa3dab0e,DELETE,regular-file,10m_cultural/ne_10m_admin_0_pacific_groupings.shx,604,
942c663309c66fa613c0f4616ab867524674fbe9,DELETE,regular-file,10m_cultural/ne_10m_admin_0_scale_rank.README.html,92821,
d7445e2db958606420a0e4b2267da63054668fc4,DELETE,regular-file,10m_cultural/ne_10m_admin_0_scale_rank.VERSION.txt,7,
3ad133c048f2189041151425a73485649e6c32c0,DELETE,regular-file,10m_cultural/ne_10m_admin_0_scale_rank.cpg,5,
ec100807b4970462cbb94a9dea61b32cb70c6387,DELETE,regular-file,10m_cultural/ne_10m_admin_0_scale_rank.dbf,470338,
f45cbadf0074d8b7b2669559a93bc50bb95f82d4,DELETE,regular-file,10m_cultural/ne_10m_admin_0_scale_rank.prj,145,
31d2a73c638577f9865c022b71db745041b6865b,DELETE,regular-file,10m_cultural/ne_10m_admin_0_scale_rank.shp,9202132,
2fab71ab661b3f65eecb56dd66a8ff317a107067,DELETE,regular-file,10m_cultural/ne_10m_admin_0_scale_rank.shx,34916,
942c663309c66fa613c0f4616ab867524674fbe9,DELETE,regular-file,10m_cultural/ne_10m_admin_0_scale_rank_minor_islands.README.html,92821,
d7445e2db958606420a0e4b2267da63054668fc4,DELETE,regular-file,10m_cultural/ne_10m_admin_0_scale_rank_minor_islands.VERSION.txt,7,
3ad133c048f2189041151425a73485649e6c32c0,DELETE,regular-file,10m_cultural/ne_10m_admin_0_scale_rank_minor_islands.cpg,5,
c2b261cb07d6e7ac81b45dc4ed2350b7e358fcde,DELETE,regular-file,10m_cultural/ne_10m_admin_0_scale_rank_minor_islands.dbf,786382,
f45cbadf0074d8b7b2669559a93bc50bb95f82d4,DELETE,regular-file,10m_cultural/ne_10m_admin_0_scale_rank_minor_islands.prj,145,
8d52cacb7815d57dc5c4f3a8e4cbbee88d3aeead,DELETE,regular-file,10m_cultural/ne_10m_admin_0_scale_rank_minor_islands.shp,9969172,
ec63f4666b0d3ff5e294b9fc4ed9057c1cceba2c,DELETE,regular-file,10m_cultural/ne_10m_admin_0_scale_rank_minor_islands.shx,57268,
217fa5c583dc6ff1146ec0366d02949f3f5f64fc,DELETE,regular-file,10m_cultural/ne_10m_admin_0_seams.README.html,24633,
5dbaad6dd19068b07048d5d380e3a2f20e7363e1,DELETE,regular-file,10m_cultural/ne_10m_admin_0_seams.VERSION.txt,7,
3ad133c048f2189041151425a73485649e6c32c0,DELETE,regular-file,10m_cultural/ne_10m_admin_0_seams.cpg,5,
f7b3cb54fab4f30b6996675afdbba2158a59c980,DELETE,regular-file,10m_cultural/ne_10m_admin_0_seams.dbf,1215,
b13a71791932a9ecb82a81800e49b3d5b307a195,DELETE,regular-file,10m_cultural/ne_10m_admin_0_seams.prj,147,
41de24a9f01a4d041fd9df92e0dffa40f4a23e52,DELETE,regular-file,10m_cultural/ne_10m_admin_0_seams.shp,22660,
811dac41019010d9ba48516617703581faa92a17,DELETE,regular-file,10m_cultural/ne_10m_admin_0_seams.shx,308,
942c663309c66fa613c0f4616ab867524674fbe9,DELETE,regular-file,10m_cultural/ne_10m_admin_0_sovereignty.README.html,92821,
d7445e2db958606420a0e4b2267da63054668fc4,DELETE,regular-file,10m_cultural/ne_10m_admin_0_sovereignty.VERSION.txt,7,
6fe63494bc44cf173f2408e96e45479300388209,DELETE,regular-file,10m_cultural/ne_10m_admin_0_sovereignty.changes_log.csv,16580,
098ce78639f126a33ec4a960ad811eeab217d91f,DELETE,regular-file,10m_cultural/ne_10m_admin_0_sovereignty.changes_log.csv.md,26848,
3ad133c048f2189041151425a73485649e6c32c0,DELETE,regular-file,10m_cultural/ne_10m_admin_0_sovereignty.cpg,5,
36a40214ca88179f4156e08cfdf7a84602cff4a1,DELETE,regular-file,10m_cultural/ne_10m_admin_0_sovereignty.dbf,600851,
dde56f8876b589f928bbb6b4cc8c6b75259a1cfa,DELETE,regular-file,10m_cultural/ne_10m_admin_0_sovereignty.new_names.csv,74089,
f45cbadf0074d8b7b2669559a93bc50bb95f82d4,DELETE,regular-file,10m_cultural/ne_10m_admin_0_sovereignty.prj,145,
e0efbd3c84a71dcb4536e51abcf6ac6130cad27c,DELETE,regular-file,10m_cultural/ne_10m_admin_0_sovereignty.shp,8795600,
71f60f7a68715d3c2ea48b28dea0011880f07a87,DELETE,regular-file,10m_cultural/ne_10m_admin_0_sovereignty.shp.changes_log.csv,16638,
40a73b51f4d26d2bc7fe0435481851919921fc83,DELETE,regular-file,10m_cultural/ne_10m_admin_0_sovereignty.shp.changes_log.csv.md,26934,
f2e52d7bb9f122e867831d0bbe0434f06ca03d79,DELETE,regular-file,10m_cultural/ne_10m_admin_0_sovereignty.shp.new_names.csv,74096,
3ea68207f8bcb96d44b3013fbc0c437e9bacb500,DELETE,regular-file,10m_cultural/ne_10m_admin_0_sovereignty.shp.summary_log.csv,746,
3fb3ce71bb8f4bd908df9333c1835e16f8d2d405,DELETE,regular-file,10m_cultural/ne_10m_admin_0_sovereignty.shp.summary_log.csv.md,964,
74d1d2f03ac7a1697eb38253de4eb15e6504619b,DELETE,regular-file,10m_cultural/ne_10m_admin_0_sovereignty.shx,1772,
d33e166fd091cba7efac97bd08fb706fd6428e3b,DELETE,regular-file,10m_cultural/ne_10m_admin_0_sovereignty.summary_log.csv,746,
30ca4ce4e63b061db05924f789a634b1954ac601,DELETE,regular-file,10m_cultural/ne_10m_admin_0_sovereignty.summary_log.csv.md,964,
78b39ea08a1ea6808a293d3eb2c60f2d750370b5,DELETE,regular-file,10m_cultural/ne_10m_admin_1_label_points.README.html,39683,
4201623d37e18fe2b92fc33734a01168923ebbc0,DELETE,regular-file,10m_cultural/ne_10m_admin_1_label_points.VERSION.txt,12,
3ad133c048f2189041151425a73485649e6c32c0,DELETE,regular-file,10m_cultural/ne_10m_admin_1_label_points.cpg,5,
86c7516d96b64ac1d037db4ea0e1c6d70172c4a7,DELETE,regular-file,10m_cultural/ne_10m_admin_1_label_points.dbf,3410332,
f45cbadf0074d8b7b2669559a93bc50bb95f82d4,DELETE,regular-file,10m_cultural/ne_10m_admin_1_label_points.prj,145,
3bf25c14c41e9b3ab433d8e6c5c53df16a785ed1,DELETE,regular-file,10m_cultural/ne_10m_admin_1_label_points.shp,316248,
bf2f9bc879c598bad364cdd367687740e6a73f9c,DELETE,regular-file,10m_cultural/ne_10m_admin_1_label_points.shx,90428,
add1e098c52e3f200a89108cafc544b1b6f4cbc3,DELETE,regular-file,10m_cultural/ne_10m_admin_1_label_points_details.README.html,40808,
83817d353bfc909bf559e6bacf67a4a58e4d251a,DELETE,regular-file,10m_cultural/ne_10m_admin_1_label_points_details.VERSION.txt,7,
b63e1b4c2b3323958684046c9dea9e2650f377a2,DELETE,regular-file,10m_cultural/ne_10m_admin_1_label_points_details.changes_log.csv,25207,
dd3af28534c6cbeea217d6b91cb0ac247babdd23,DELETE,regular-file,10m_cultural/ne_10m_admin_1_label_points_details.changes_log.csv.md,39930,
3ad133c048f2189041151425a73485649e6c32c0,DELETE,regular-file,10m_cultural/ne_10m_admin_1_label_points_details.cpg,5,
6d6036f4bbbd2390ac255ba81078cc8f2f8457a6,DELETE,regular-file,10m_cultural/ne_10m_admin_1_label_points_details.dbf,52046706,
dc6503ea878ab93d0600c579a96b21b276d59b4e,DELETE,regular-file,10m_cultural/ne_10m_admin_1_label_points_details.new_names.csv,437163,
f45cbadf0074d8b7b2669559a93bc50bb95f82d4,DELETE,regular-file,10m_cultural/ne_10m_admin_1_label_points_details.prj,145,
6625309b3d0b783ce616551d0a2fd22b99b8eed1,DELETE,regular-file,10m_cultural/ne_10m_admin_1_label_points_details.shp,130300,
53007208e718546b0cd24b5acd0da767639ffe26,DELETE,regular-file,10m_cultural/ne_10m_admin_1_label_points_details.shp.changes_log.csv,101122,
621aa111713f682ab32f3fdce3562c5fc758e028,DELETE,regular-file,10m_cultural/ne_10m_admin_1_label_points_details.shp.changes_log.csv.md,160893,
4f910e61956a9a3a16c6eba9ddce5c5084018820,DELETE,regular-file,10m_cultural/ne_10m_admin_1_label_points_details.shp.new_names.csv,1829921,
a71a6ef356b87f9d1b6fa4e35ec284f4fd58431d,DELETE,regular-file,10m_cultural/ne_10m_admin_1_label_points_details.shp.summary_log.csv,844,
45b4888dc1741433d4986ba365c6cb1f2c22474e,DELETE,regular-file,10m_cultural/ne_10m_admin_1_label_points_details.shp.summary_log.csv.md,1080,
60694328181c196622d8af1e413fcfc18c1a2a8d,DELETE,regular-file,10m_cultural/ne_10m_admin_1_label_points_details.shx,37300,
1a804e85186f1c3eedda161c2ba09e3a0018000e,DELETE,regular-file,10m_cultural/ne_10m_admin_1_label_points_details.summary_log.csv,846,
b4c3d5a20240b34924d211006e31d82e486ba5d2,DELETE,regular-file,10m_cultural/ne_10m_admin_1_label_points_details.summary_log.csv.md,1082,
217fa5c583dc6ff1146ec0366d02949f3f5f64fc,DELETE,regular-file,10m_cultural/ne_10m_admin_1_seams.README.html,24633,
5dbaad6dd19068b07048d5d380e3a2f20e7363e1,DELETE,regular-file,10m_cultural/ne_10m_admin_1_seams.VERSION.txt,7,
3ad133c048f2189041151425a73485649e6c32c0,DELETE,regular-file,10m_cultural/ne_10m_admin_1_seams.cpg,5,
27813d873d86c1ba890b6c8ebd7cad29903fc918,DELETE,regular-file,10m_cultural/ne_10m_admin_1_seams.dbf,613,
b13a71791932a9ecb82a81800e49b3d5b307a195,DELETE,regular-file,10m_cultural/ne_10m_admin_1_seams.prj,147,
c5ef7c62357a9f1cc77ab5f6b2659223989fda24,DELETE,regular-file,10m_cultural/ne_10m_admin_1_seams.shp,13396,
01e6a6e5b1863c4ae316e8504976db689f3498ce,DELETE,regular-file,10m_cultural/ne_10m_admin_1_seams.shx,196,
0337247d61537fcf060c956642852f1f6974eb42,DELETE,regular-file,10m_cultural/ne_10m_admin_1_states_provinces.README.html,44181,
d7445e2db958606420a0e4b2267da63054668fc4,DELETE,regular-file,10m_cultural/ne_10m_admin_1_states_provinces.VERSION.txt,7,
1df84ecc2159a0b705a2b1db0412ca81b29874df,DELETE,regular-file,10m_cultural/ne_10m_admin_1_states_provinces.changes_log.csv,99475,
d8095eac728b397eb6cee06c1c2e9934e04c512f,DELETE,regular-file,10m_cultural/ne_10m_admin_1_states_provinces.changes_log.csv.md,157657,
3ad133c048f2189041151425a73485649e6c32c0,DELETE,regular-file,10m_cultural/ne_10m_admin_1_states_provinces.cpg,5,
83821576779dd93b32ab6b56993071f3ce1ba0cb,DELETE,regular-file,10m_cultural/ne_10m_admin_1_states_provinces.dbf,15161514,
c132804775d95e34562ced0360644e863e5ebb75,DELETE,regular-file,10m_cultural/ne_10m_admin_1_states_provinces.new_names.csv,1828443,
f45cbadf0074d8b7b2669559a93bc50bb95f82d4,DELETE,regular-file,10m_cultural/ne_10m_admin_1_states_provinces.prj,145,
f97a631c6784f4097304a83668df51ec803b0072,DELETE,regular-file,10m_cultural/ne_10m_admin_1_states_provinces.shp,20998780,
eeebc8723b24996aa664430a18c4df72bfeaee09,DELETE,regular-file,10m_cultural/ne_10m_admin_1_states_provinces.shp.changes_log.csv,99098,
0b01fd7324bae76490dd3b11513260aba1f91a18,DELETE,regular-file,10m_cultural/ne_10m_admin_1_states_provinces.shp.changes_log.csv.md,157075,
2508bc95aed0a69743f7e0024b8c4a86a9ee96f5,DELETE,regular-file,10m_cultural/ne_10m_admin_1_states_provinces.shp.new_names.csv,1828385,
336b5dc825baaa5dfd870f94878ac385e8f1ad7b,DELETE,regular-file,10m_cultural/ne_10m_admin_1_states_provinces.shp.summary_log.csv,804,
ee43d1db17e9169e122d0e5245d6506a905fbf08,DELETE,regular-file,10m_cultural/ne_10m_admin_1_states_provinces.shp.summary_log.csv.md,1032,
710af4895e4b4bef697fe7104456f002517682ee,DELETE,regular-file,10m_cultural/ne_10m_admin_1_states_provinces.shx,36868,
f356f278f9693274db915a2a2ffa4dbe3913a175,DELETE,regular-file,10m_cultural/ne_10m_admin_1_states_provinces.summary_log.csv,804,
80099cc222d472d3162447d3701bfeb1bde99644,DELETE,regular-file,10m_cultural/ne_10m_admin_1_states_provinces.summary_log.csv.md,1032,
0337247d61537fcf060c956642852f1f6974eb42,DELETE,regular-file,10m_cultural/ne_10m_admin_1_states_provinces_lakes.README.html,44181,
d7445e2db958606420a0e4b2267da63054668fc4,DELETE,regular-file,10m_cultural/ne_10m_admin_1_states_provinces_lakes.VERSION.txt,7,
93830aeb7f140187e62d1a1bc7fa18ccdc8de1a2,DELETE,regular-file,10m_cultural/ne_10m_admin_1_states_provinces_lakes.changes_log.csv,99399,
c401da85ef1e0997459e8653aa102597a6b0b74d,DELETE,regular-file,10m_cultural/ne_10m_admin_1_states_provinces_lakes.changes_log.csv.md,157553,
3ad133c048f2189041151425a73485649e6c32c0,DELETE,regular-file,10m_cultural/ne_10m_admin_1_states_provinces_lakes.cpg,5,
07940a37aa77db14c233f1749206ae6237848e86,DELETE,regular-file,10m_cultural/ne_10m_admin_1_states_provinces_lakes.dbf,15189090,
8b7e1afb0d8a5ae61c4339df16f12e97d099d7b5,DELETE,regular-file,10m_cultural/ne_10m_admin_1_states_provinces_lakes.new_names.csv,1828076,
f45cbadf0074d8b7b2669559a93bc50bb95f82d4,DELETE,regular-file,10m_cultural/ne_10m_admin_1_states_provinces_lakes.prj,145,
33f5b63d050784ae894a0c14e86472b624fd465b,DELETE,regular-file,10m_cultural/ne_10m_admin_1_states_provinces_lakes.shp,21199408,
22ca190c2b2146bf7da816ee152f00c2e2e81b92,DELETE,regular-file,10m_cultural/ne_10m_admin_1_states_provinces_lakes.shp.changes_log.csv,99022,
7ac6ec656bdc34fe101f353fe6354e2c5d0f6bc5,DELETE,regular-file,10m_cultural/ne_10m_admin_1_states_provinces_lakes.shp.changes_log.csv.md,156971,
7a6c274a93477058d2f6526e59e2631e063639c0,DELETE,regular-file,10m_cultural/ne_10m_admin_1_states_provinces_lakes.shp.new_names.csv,1828018,
0460f9dd5e2b9550b661301d4f16572dbf3f34de,DELETE,regular-file,10m_cultural/ne_10m_admin_1_states_provinces_lakes.shp.summary_log.csv,864,
c7cb919eae4bc445297f1d2394168f0ec7a53c51,DELETE,regular-file,10m_cultural/ne_10m_admin_1_states_provinces_lakes.shp.summary_log.csv.md,1104,
ad7fc28055a52a06deeb3a5c27906def5caee6bd,DELETE,regular-file,10m_cultural/ne_10m_admin_1_states_provinces_lakes.shx,36868,
40552cd8cf8f893d0af34faa9a61fc22ffa8f87b,DELETE,regular-file,10m_cultural/ne_10m_admin_1_states_provinces_lakes.summary_log.csv,864,
3c7e196a49173c1d603f016ef9213112f743ba3c,DELETE,regular-file,10m_cultural/ne_10m_admin_1_states_provinces_lakes.summary_log.csv.md,1104,
0337247d61537fcf060c956642852f1f6974eb42,DELETE,regular-file,10m_cultural/ne_10m_admin_1_states_provinces_lines.README.html,44181,
83817d353bfc909bf559e6bacf67a4a58e4d251a,DELETE,regular-file,10m_cultural/ne_10m_admin_1_states_provinces_lines.VERSION.txt,7,
3ad133c048f2189041151425a73485649e6c32c0,DELETE,regular-file,10m_cultural/ne_10m_admin_1_states_provinces_lines.cpg,5,
e44201d933ae22fa8a8667b0cc766ef842c64665,DELETE,regular-file,10m_cultural/ne_10m_admin_1_states_provinces_lines.dbf,28095898,
f45cbadf0074d8b7b2669559a93bc50bb95f82d4,DELETE,regular-file,10m_cultural/ne_10m_admin_1_states_provinces_lines.prj,145,
15bfb3714d1c981f51c58a0e90ed71ed709ce93b,DELETE,regular-file,10m_cultural/ne_10m_admin_1_states_provinces_lines.shp,7363120,
d944cf0dbe034c9e6747577e79ff096fa1d5e541,DELETE,regular-file,10m_cultural/ne_10m_admin_1_states_provinces_lines.shx,81532,
0337247d61537fcf060c956642852f1f6974eb42,DELETE,regular-file,10m_cultural/ne_10m_admin_1_states_provinces_scale_rank.README.html,44181,
d7445e2db958606420a0e4b2267da63054668fc4,DELETE,regular-file,10m_cultural/ne_10m_admin_1_states_provinces_scale_rank.VERSION.txt,7,
3ad133c048f2189041151425a73485649e6c32c0,DELETE,regular-file,10m_cultural/ne_10m_admin_1_states_provinces_scale_rank.cpg,5,
28c54f3b73b5378a5cdc0cb46ae75558a0a42779,DELETE,regular-file,10m_cultural/ne_10m_admin_1_states_provinces_scale_rank.dbf,1307682,
f45cbadf0074d8b7b2669559a93bc50bb95f82d4,DELETE,regular-file,10m_cultural/ne_10m_admin_1_states_provinces_scale_rank.prj,145,
a05b7fd1f3099e80cd0484a7d756ba28fb5fa678,DELETE,regular-file,10m_cultural/ne_10m_admin_1_states_provinces_scale_rank.shp,21211168,
23183569cdbca42476a6d782af40e39a5e7de720,DELETE,regular-file,10m_cultural/ne_10m_admin_1_states_provinces_scale_rank.shx,68452,
3ad133c048f2189041151425a73485649e6c32c0,DELETE,regular-file,10m_cultural/ne_10m_admin_1_states_provinces_scale_rank_minor_islands.cpg,5,
20f8778aa59bb9d9cd20a69266e5b33d81faecf4,DELETE,regular-file,10m_cultural/ne_10m_admin_1_states_provinces_scale_rank_minor_islands.dbf,1818301,
f45cbadf0074d8b7b2669559a93bc50bb95f82d4,DELETE,regular-file,10m_cultural/ne_10m_admin_1_states_provinces_scale_rank_minor_islands.prj,145,
a24ece43990e31ce7e5bb9432d9ebf06700a8d73,DELETE,regular-file,10m_cultural/ne_10m_admin_1_states_provinces_scale_rank_minor_islands.shp,21928856,
be061073409c226991b09aea7aa9aadc10951407,DELETE,regular-file,10m_cultural/ne_10m_admin_1_states_provinces_scale_rank_minor_islands.shx,90428,
0d4fb63434153480d4df463987614655715c893b,DELETE,regular-file,10m_cultural/ne_10m_admin_2_counties.README.html,38757,
d7445e2db958606420a0e4b2267da63054668fc4,DELETE,regular-file,10m_cultural/ne_10m_admin_2_counties.VERSION.txt,7,
3ad133c048f2189041151425a73485649e6c32c0,DELETE,regular-file,10m_cultural/ne_10m_admin_2_counties.cpg,5,
66ed635ca8ff05284647b983077be5207fba9cca,DELETE,regular-file,10m_cultural/ne_10m_admin_2_counties.dbf,4776730,
f45cbadf0074d8b7b2669559a93bc50bb95f82d4,DELETE,regular-file,10m_cultural/ne_10m_admin_2_counties.prj,145,
ee4f0635c1aff133d693c1d7822015dbcf0b05a2,DELETE,regular-file,10m_cultural/ne_10m_admin_2_counties.shx,25892,
0d4fb63434153480d4df463987614655715c893b,DELETE,regular-file,10m_cultural/ne_10m_admin_2_counties_lakes.README.html,38757,
d7445e2db958606420a0e4b2267da63054668fc4,DELETE,regular-file,10m_cultural/ne_10m_admin_2_counties_lakes.VERSION.txt,7,
3ad133c048f2189041151425a73485649e6c32c0,DELETE,regular-file,10m_cultural/ne_10m_admin_2_counties_lakes.cpg,5,
66ed635ca8ff05284647b983077be5207fba9cca,DELETE,regular-file,10m_cultural/ne_10m_admin_2_counties_lakes.dbf,4776730,
f45cbadf0074d8b7b2669559a93bc50bb95f82d4,DELETE,regular-file,10m_cultural/ne_10m_admin_2_counties_lakes.prj,145,
4cbd38a4083ae6c49665ca604cd582284944aa0c,DELETE,regular-file,10m_cultural/ne_10m_admin_2_counties_lakes.shp,2570636,
aa9d0862984fed8ddc419295170b74a056f362b7,DELETE,regular-file,10m_cultural/ne_10m_admin_2_counties_lakes.shx,25892,
3ad133c048f2189041151425a73485649e6c32c0,DELETE,regular-file,10m_cultural/ne_10m_admin_2_counties_lines.cpg,5,
031b8bcfadab0b47ecbc58264cb104b2afc55724,DELETE,regular-file,10m_cultural/ne_10m_admin_2_counties_lines.dbf,31708242,
a30c00a55de19be195abf9e942f6cff93bf0a825,DELETE,regular-file,10m_cultural/ne_10m_admin_2_counties_lines.prj,143,
b6b7de63f08490a2e5e2c5605d25878772c01799,DELETE,regular-file,10m_cultural/ne_10m_admin_2_counties_lines.shp,1320464,
2361a186a087a6e06d84982fd7878b146693077e,DELETE,regular-file,10m_cultural/ne_10m_admin_2_counties_lines.shx,65340,
0d4fb63434153480d4df463987614655715c893b,DELETE,regular-file,10m_cultural/ne_10m_admin_2_counties_scale_rank.README.html,38757,
d7445e2db958606420a0e4b2267da63054668fc4,DELETE,regular-file,10m_cultural/ne_10m_admin_2_counties_scale_rank.VERSION.txt,7,
bf79ae1457f3adca5b63c14ed8ca7d2337c39e4b,DELETE,regular-file,10m_cultural/ne_10m_admin_2_counties_scale_rank.dbf,314424,
f45cbadf0074d8b7b2669559a93bc50bb95f82d4,DELETE,regular-file,10m_cultural/ne_10m_admin_2_counties_scale_rank.prj,145,
4d18ab481e47d035c7d229539dc19269f27156f1,DELETE,regular-file,10m_cultural/ne_10m_admin_2_counties_scale_rank.shp,2564988,
8d0a27d4265880daa547158156f0a2cb8db7ac2f,DELETE,regular-file,10m_cultural/ne_10m_admin_2_counties_scale_rank.shx,28980,
0d4fb63434153480d4df463987614655715c893b,DELETE,regular-file,10m_cultural/ne_10m_admin_2_counties_scale_rank_minor_islands.README.html,38757,
d7445e2db958606420a0e4b2267da63054668fc4,DELETE,regular-file,10m_cultural/ne_10m_admin_2_counties_scale_rank_minor_islands.VERSION.txt,7,
bf79ae1457f3adca5b63c14ed8ca7d2337c39e4b,DELETE,regular-file,10m_cultural/ne_10m_admin_2_counties_scale_rank_minor_islands.dbf,314424,
f45cbadf0074d8b7b2669559a93bc50bb95f82d4,DELETE,regular-file,10m_cultural/ne_10m_admin_2_counties_scale_rank_minor_islands.prj,145,
4d18ab481e47d035c7d229539dc19269f27156f1,DELETE,regular-file,10m_cultural/ne_10m_admin_2_counties_scale_rank_minor_islands.shp,2564988,
8d0a27d4265880daa547158156f0a2cb8db7ac2f,DELETE,regular-file,10m_cultural/ne_10m_admin_2_counties_scale_rank_minor_islands.shx,28980,
3ad133c048f2189041151425a73485649e6c32c0,DELETE,regular-file,10m_cultural/ne_10m_admin_2_counties_to_match.cpg,5,
1712c3becc3977dc7ef10601dc2caa1ee12ddbab,DELETE,regular-file,10m_cultural/ne_10m_admin_2_counties_to_match.dbf,3487315,
a30c00a55de19be195abf9e942f6cff93bf0a825,DELETE,regular-file,10m_cultural/ne_10m_admin_2_counties_to_match.prj,143,
5c4ddade5d4f2d548e43fdd920ad359f2a7e483d,DELETE,regular-file,10m_cultural/ne_10m_admin_2_counties_to_match.shp,2560208,
4b7698ab79ec9fc26c8b90c4bf084c22c460b23b,DELETE,regular-file,10m_cultural/ne_10m_admin_2_counties_to_match.shx,25900,
1c5a502229322fba913de66f21665273fcadf66e,DELETE,regular-file,10m_cultural/ne_10m_admin_2_label_points.README.html,37502,
4201623d37e18fe2b92fc33734a01168923ebbc0,DELETE,regular-file,10m_cultural/ne_10m_admin_2_label_points.VERSION.txt,12,
05acd9fd97e918575f691b0a29b4cbc1572538f5,DELETE,regular-file,10m_cultural/ne_10m_admin_2_label_points.dbf,314598,
a30c00a55de19be195abf9e942f6cff93bf0a825,DELETE,regular-file,10m_cultural/ne_10m_admin_2_label_points.prj,143,
214d85bc016a2b9b25cf3ec777f1ea1c0f5e63f8,DELETE,regular-file,10m_cultural/ne_10m_admin_2_label_points.shp,101220,
59354a59b8ebbdbc04c702060540524b6372858a,DELETE,regular-file,10m_cultural/ne_10m_admin_2_label_points.shx,28996,
1c5a502229322fba913de66f21665273fcadf66e,DELETE,regular-file,10m_cultural/ne_10m_admin_2_label_points_details.README.html,37502,
4201623d37e18fe2b92fc33734a01168923ebbc0,DELETE,regular-file,10m_cultural/ne_10m_admin_2_label_points_details.VERSION.txt,12,
3ad133c048f2189041151425a73485649e6c32c0,DELETE,regular-file,10m_cultural/ne_10m_admin_2_label_points_details.cpg,5,
86ba04c38a8510b982203002c727b30e34fe6dd3,DELETE,regular-file,10m_cultural/ne_10m_admin_2_label_points_details.dbf,10396162,
f45cbadf0074d8b7b2669559a93bc50bb95f82d4,DELETE,regular-file,10m_cultural/ne_10m_admin_2_label_points_details.prj,145,
2f33b667a230f9a2588455aa922ca7f3cbbb9c93,DELETE,regular-file,10m_cultural/ne_10m_admin_2_label_points_details.shp,90372,
e6ca381400a638413ebd9f01182ee11b9f09f52c,DELETE,regular-file,10m_cultural/ne_10m_admin_2_label_points_details.shx,25892,
79437e82bd1526bbee19bda5ee21d85b488d5994,DELETE,regular-file,10m_cultural/ne_10m_airports.README.html,37654,
8260c8642285f9f1312eb293181c8b1239a8d7aa,DELETE,regular-file,10m_cultural/ne_10m_airports.VERSION.txt,7,
b363aa648dac667ff74cbf307ffbece54fec5e14,DELETE,regular-file,10m_cultural/ne_10m_airports.changes_log.csv,32591,
db167a68be7b0192318b367ed4755e07ed1414a7,DELETE,regular-file,10m_cultural/ne_10m_airports.changes_log.csv.md,59129,
3ad133c048f2189041151425a73485649e6c32c0,DELETE,regular-file,10m_cultural/ne_10m_airports.cpg,5,
dce596a5e383d9c45a979f67e20de56313ed47b6,DELETE,regular-file,10m_cultural/ne_10m_airports.dbf,6694349,
8ee66904dc5d969b47bac06c82417b07208caa83,DELETE,regular-file,10m_cultural/ne_10m_airports.new_names.csv,417479,
f45cbadf0074d8b7b2669559a93bc50bb95f82d4,DELETE,regular-file,10m_cultural/ne_10m_airports.prj,145,
0f99985fd36015548118da5530db189d1aacff5b,DELETE,regular-file,10m_cultural/ne_10m_airports.shp,25104,
b363aa648dac667ff74cbf307ffbece54fec5e14,DELETE,regular-file,10m_cultural/ne_10m_airports.shp.changes_log.csv,32591,
db167a68be7b0192318b367ed4755e07ed1414a7,DELETE,regular-file,10m_cultural/ne_10m_airports.shp.changes_log.csv.md,59129,
6abe8dd792b09eac7174b67e945fc96a47bc9c0d,DELETE,regular-file,10m_cultural/ne_10m_airports.shp.new_names.csv,417479,
477e516cf2ac5b11794383f17b2614b9f3684770,DELETE,regular-file,10m_cultural/ne_10m_airports.shp.summary_log.csv,640,
99af24dc855f574cf9e7ce15f2cec2825a276550,DELETE,regular-file,10m_cultural/ne_10m_airports.shp.summary_log.csv.md,836,
abf8f9e6ff5a687610aa13cf5910d39186934bfa,DELETE,regular-file,10m_cultural/ne_10m_airports.shx,7244,
477e516cf2ac5b11794383f17b2614b9f3684770,DELETE,regular-file,10m_cultural/ne_10m_airports.summary_log.csv,640,
99af24dc855f574cf9e7ce15f2cec2825a276550,DELETE,regular-file,10m_cultural/ne_10m_airports.summary_log.csv.md,836,
2b03a3c7c4701eb9f727c6e106db0d2106b2eb68,DELETE,regular-file,10m_cultural/ne_10m_parks_and_protected_lands_area.README.html,42972,
8260c8642285f9f1312eb293181c8b1239a8d7aa,DELETE,regular-file,10m_cultural/ne_10m_parks_and_protected_lands_area.VERSION.txt,7,
3ad133c048f2189041151425a73485649e6c32c0,DELETE,regular-file,10m_cultural/ne_10m_parks_and_protected_lands_area.cpg,5,
d5f55bc15999eb2ce8ad58ed91a43bef38259f6a,DELETE,regular-file,10m_cultural/ne_10m_parks_and_protected_lands_area.dbf,51346,
b13a71791932a9ecb82a81800e49b3d5b307a195,DELETE,regular-file,10m_cultural/ne_10m_parks_and_protected_lands_area.prj,147,
c890688787f208e891dc5b89fc57dbb2ba206d63,DELETE,regular-file,10m_cultural/ne_10m_parks_and_protected_lands_area.shp,116384,
a8d268db4483ed2b5de4780da437d6ce2285fb38,DELETE,regular-file,10m_cultural/ne_10m_parks_and_protected_lands_area.shx,588,
2b03a3c7c4701eb9f727c6e106db0d2106b2eb68,DELETE,regular-file,10m_cultural/ne_10m_parks_and_protected_lands_line.README.html,42972,
8260c8642285f9f1312eb293181c8b1239a8d7aa,DELETE,regular-file,10m_cultural/ne_10m_parks_and_protected_lands_line.VERSION.txt,7,
3ad133c048f2189041151425a73485649e6c32c0,DELETE,regular-file,10m_cultural/ne_10m_parks_and_protected_lands_line.cpg,5,
66023d6e6e3a18a7d0cc48e57bf49ef0acb4ba68,DELETE,regular-file,10m_cultural/ne_10m_parks_and_protected_lands_line.dbf,14383,
b13a71791932a9ecb82a81800e49b3d5b307a195,DELETE,regular-file,10m_cultural/ne_10m_parks_and_protected_lands_line.prj,147,
89bbe64c0bc12f7b07cb4b43a7bab7cbd2bfa234,DELETE,regular-file,10m_cultural/ne_10m_parks_and_protected_lands_line.shp,54368,
3d80bc048a56d841b93dc9838010a451485dc34c,DELETE,regular-file,10m_cultural/ne_10m_parks_and_protected_lands_line.shx,332,
2b03a3c7c4701eb9f727c6e106db0d2106b2eb68,DELETE,regular-file,10m_cultural/ne_10m_parks_and_protected_lands_point.README.html,42972,
8260c8642285f9f1312eb293181c8b1239a8d7aa,DELETE,regular-file,10m_cultural/ne_10m_parks_and_protected_lands_point.VERSION.txt,7,
3ad133c048f2189041151425a73485649e6c32c0,DELETE,regular-file,10m_cultural/ne_10m_parks_and_protected_lands_point.cpg,5,
6535e4883f28f2063a1954f3385285e5ad258686,DELETE,regular-file,10m_cultural/ne_10m_parks_and_protected_lands_point.dbf,248162,
b13a71791932a9ecb82a81800e49b3d5b307a195,DELETE,regular-file,10m_cultural/ne_10m_parks_and_protected_lands_point.prj,147,
a6838cdab02994d8b3a097164cbd8267db18be94,DELETE,regular-file,10m_cultural/ne_10m_parks_and_protected_lands_point.shp,8920,
8fe063f8baa86f83f9c116b40f6d8d34d54e3905,DELETE,regular-file,10m_cultural/ne_10m_parks_and_protected_lands_point.shx,2620,
2b03a3c7c4701eb9f727c6e106db0d2106b2eb68,DELETE,regular-file,10m_cultural/ne_10m_parks_and_protected_lands_scale_rank.README.html,42972,
8260c8642285f9f1312eb293181c8b1239a8d7aa,DELETE,regular-file,10m_cultural/ne_10m_parks_and_protected_lands_scale_rank.VERSION.txt,7,
3ad133c048f2189041151425a73485649e6c32c0,DELETE,regular-file,10m_cultural/ne_10m_parks_and_protected_lands_scale_rank.cpg,5,
311a8d93642de2e44e7a65402ac5ab582a741ccf,DELETE,regular-file,10m_cultural/ne_10m_parks_and_protected_lands_scale_rank.dbf,92359,
b13a71791932a9ecb82a81800e49b3d5b307a195,DELETE,regular-file,10m_cultural/ne_10m_parks_and_protected_lands_scale_rank.prj,147,
7fed61dd66aa10521d05b58d58bba48000c43fcd,DELETE,regular-file,10m_cultural/ne_10m_parks_and_protected_lands_scale_rank.shp,118932,
72dd4f150ddb9aa1c119f687152f174bb53c9e8d,DELETE,regular-file,10m_cultural/ne_10m_parks_and_protected_lands_scale_rank.shx,980,
4cff5a54ecd8b07e17c014e21148074fe13087de,DELETE,regular-file,10m_cultural/ne_10m_populated_places.README.html,41686,
9f9418d241342bbc46b96a410d183fe293dd9c3d,DELETE,regular-file,10m_cultural/ne_10m_populated_places.VERSION.txt,7,
011ded683024d91d61ac3ca27a47de39077ab916,DELETE,regular-file,10m_cultural/ne_10m_populated_places.changes_log.csv,3648233,
6d2956ebecca0e3b9870500e8874b664a3ed51e3,DELETE,regular-file,10m_cultural/ne_10m_populated_places.changes_log.csv.md,7095713,
3ad133c048f2189041151425a73485649e6c32c0,DELETE,regular-file,10m_cultural/ne_10m_populated_places.cpg,5,
6012da0faa7a20b55548c286b9e55a2522b43593,DELETE,regular-file,10m_cultural/ne_10m_populated_places.dbf,48278068,
45b451c3322a5ae3903b97f283c62160f7defd95,DELETE,regular-file,10m_cultural/ne_10m_populated_places.new_names.csv,1928097,
a30c00a55de19be195abf9e942f6cff93bf0a825,DELETE,regular-file,10m_cultural/ne_10m_populated_places.prj,143,
55ca08fdb9757c0c5b119c39670f2e5add335554,DELETE,regular-file,10m_cultural/ne_10m_populated_places.shp,205676,
7d7d532673cd3311d55ffcb0a730d59d906c893f,DELETE,regular-file,10m_cultural/ne_10m_populated_places.shp.changes_log.csv,3658694,
d75c89a157600550fad74b097d72b5c7ee95ee28,DELETE,regular-file,10m_cultural/ne_10m_populated_places.shp.changes_log.csv.md,7113727,
1bce1d3610b3fa714adfd0a1de7e8b6c3d80f0b8,DELETE,regular-file,10m_cultural/ne_10m_populated_places.shp.new_names.csv,1927955,
b7fbd46a9b5ac9f2bee37a82d3063f3cc68166cd,DELETE,regular-file,10m_cultural/ne_10m_populated_places.shp.summary_log.csv,728,
a91230f588195fc80c2cd25024de83e61b6eaf37,DELETE,regular-file,10m_cultural/ne_10m_populated_places.shp.summary_log.csv.md,940,
11bfc4d74ed3702437852f4b7084cec71162b897,DELETE,regular-file,10m_cultural/ne_10m_populated_places.shx,58836,
fadc2229ce6a80023cf9d1fadd49b0eb94c190f2,DELETE,regular-file,10m_cultural/ne_10m_populated_places.summary_log.csv,728,
8f49a1bd244729df157d414f76f37dedb614f4ba,DELETE,regular-file,10m_cultural/ne_10m_populated_places.summary_log.csv.md,940,
4cff5a54ecd8b07e17c014e21148074fe13087de,DELETE,regular-file,10m_cultural/ne_10m_populated_places_simple.README.html,41686,
9f9418d241342bbc46b96a410d183fe293dd9c3d,DELETE,regular-file,10m_cultural/ne_10m_populated_places_simple.VERSION.txt,7,
3ad133c048f2189041151425a73485649e6c32c0,DELETE,regular-file,10m_cultural/ne_10m_populated_places_simple.cpg,5,
2f2bf750b93702b5be8883a2e8d26b0ee56e544d,DELETE,regular-file,10m_cultural/ne_10m_populated_places_simple.dbf,11146182,
f45cbadf0074d8b7b2669559a93bc50bb95f82d4,DELETE,regular-file,10m_cultural/ne_10m_populated_places_simple.prj,145,
00e528122c026b4fae3dabb3e6c08d11259a717b,DELETE,regular-file,10m_cultural/ne_10m_populated_places_simple.shp,205676,
11bfc4d74ed3702437852f4b7084cec71162b897,DELETE,regular-file,10m_cultural/ne_10m_populated_places_simple.shx,58836,
a859ad10825e5dbb4dcb6dd0e60113ed6a625939,DELETE,regular-file,10m_cultural/ne_10m_ports.README.html,39568,
8260c8642285f9f1312eb293181c8b1239a8d7aa,DELETE,regular-file,10m_cultural/ne_10m_ports.VERSION.txt,7,
3ad133c048f2189041151425a73485649e6c32c0,DELETE,regular-file,10m_cultural/ne_10m_ports.cpg,5,
d0195b0bbdc3e0e9b7460d71df99090ce5c6facf,DELETE,regular-file,10m_cultural/ne_10m_ports.dbf,443435,
b13a71791932a9ecb82a81800e49b3d5b307a195,DELETE,regular-file,10m_cultural/ne_10m_ports.prj,147,
db49d73f53023efd9eb0b3b2074fc8d5c3e474fb,DELETE,regular-file,10m_cultural/ne_10m_ports.shp,30368,
dfeb10bd0d52884de4f84bbd6ce9fe0a465ddd7d,DELETE,regular-file,10m_cultural/ne_10m_ports.shx,8748,
5308e4b7c57bcff7d18c24c41fb9f40811be7448,DELETE,regular-file,10m_cultural/ne_10m_railroads.README.html,23070,
5dbaad6dd19068b07048d5d380e3a2f20e7363e1,DELETE,regular-file,10m_cultural/ne_10m_railroads.VERSION.txt,7,
3ad133c048f2189041151425a73485649e6c32c0,DELETE,regular-file,10m_cultural/ne_10m_railroads.cpg,5,
ae2cddb0d981974f64c9803d5432f3e69d34ada7,DELETE,regular-file,10m_cultural/ne_10m_railroads.dbf,4676409,
f45cbadf0074d8b7b2669559a93bc50bb95f82d4,DELETE,regular-file,10m_cultural/ne_10m_railroads.prj,145,
585a6d70d1ae96a07cc9bb62823109d9f2125932,DELETE,regular-file,10m_cultural/ne_10m_railroads.shp,23766908,
7aaa53d68c17dafb4704222a7773d9e44237acb7,DELETE,regular-file,10m_cultural/ne_10m_railroads.shx,203404,
5308e4b7c57bcff7d18c24c41fb9f40811be7448,DELETE,regular-file,10m_cultural/ne_10m_railroads_north_america.README.html,23070,
5dbaad6dd19068b07048d5d380e3a2f20e7363e1,DELETE,regular-file,10m_cultural/ne_10m_railroads_north_america.VERSION.txt,7,
3ad133c048f2189041151425a73485649e6c32c0,DELETE,regular-file,10m_cultural/ne_10m_railroads_north_america.cpg,5,
c82f2f75c308fdf635a7f1b59a84b1132a83eaa0,DELETE,regular-file,10m_cultural/ne_10m_railroads_north_america.dbf,118592,
f45cbadf0074d8b7b2669559a93bc50bb95f82d4,DELETE,regular-file,10m_cultural/ne_10m_railroads_north_america.prj,145,
200676b1cd21f94538bebbc58f93f58a4e56f419,DELETE,regular-file,10m_cultural/ne_10m_railroads_north_america.shp,1124668,
e5fe114bf78d06b755a45358bd3215bc6fdcd1b6,DELETE,regular-file,10m_cultural/ne_10m_railroads_north_america.shx,9116,
f7a325182bd3b5c888088a0ae26cb4ea89d10228,DELETE,regular-file,10m_cultural/ne_10m_roads.README.html,38449,
8260c8642285f9f1312eb293181c8b1239a8d7aa,DELETE,regular-file,10m_cultural/ne_10m_roads.VERSION.txt,7,
3ad133c048f2189041151425a73485649e6c32c0,DELETE,regular-file,10m_cultural/ne_10m_roads.cpg,5,
b433ce49e9ebf99c093c693661b6a63b94a15f3b,DELETE,regular-file,10m_cultural/ne_10m_roads.dbf,41941626,
f45cbadf0074d8b7b2669559a93bc50bb95f82d4,DELETE,regular-file,10m_cultural/ne_10m_roads.prj,145,
ff344b283b1291ffea6125d52f6ab45f07f4712f,DELETE,regular-file,10m_cultural/ne_10m_roads.shp,14516536,
5a7d432630a8e4b149a946f57bfce6cdf15b6d88,DELETE,regular-file,10m_cultural/ne_10m_roads.shx,452900,
b75582adab294498cf2a996691da0419331eb2b0,DELETE,regular-file,10m_cultural/ne_10m_roads_north_america.README.html,24819,
5dbaad6dd19068b07048d5d380e3a2f20e7363e1,DELETE,regular-file,10m_cultural/ne_10m_roads_north_america.VERSION.txt,7,
3ad133c048f2189041151425a73485649e6c32c0,DELETE,regular-file,10m_cultural/ne_10m_roads_north_america.cpg,5,
af4a913c778d15af23923504a6ec8250e9e2985f,DELETE,regular-file,10m_cultural/ne_10m_roads_north_america.dbf,13427408,
f45cbadf0074d8b7b2669559a93bc50bb95f82d4,DELETE,regular-file,10m_cultural/ne_10m_roads_north_america.prj,145,
de2e88cff3af352e3fcf9bd27b471885b2949832,DELETE,regular-file,10m_cultural/ne_10m_roads_north_america.shp,67280436,
2c53468c90cd3dc70cd26168e7a1e2e1b8ff09b0,DELETE,regular-file,10m_cultural/ne_10m_roads_north_america.shx,393564,
d88469f5151b3f7bdb2a1d237dc498f4b3d7eae8,DELETE,regular-file,10m_cultural/ne_10m_time_zones.README.html,37024,
8260c8642285f9f1312eb293181c8b1239a8d7aa,DELETE,regular-file,10m_cultural/ne_10m_time_zones.VERSION.txt,7,
3ad133c048f2189041151425a73485649e6c32c0,DELETE,regular-file,10m_cultural/ne_10m_time_zones.cpg,5,
4d4b92a496e21278c1838b9b5417dad9e0e35aba,DELETE,regular-file,10m_cultural/ne_10m_time_zones.dbf,186633,
b13a71791932a9ecb82a81800e49b3d5b307a195,DELETE,regular-file,10m_cultural/ne_10m_time_zones.prj,147,
aae3f5adea697ec1eb7d7ac151d8397249ac46b0,DELETE,regular-file,10m_cultural/ne_10m_time_zones.shp,2487024,
2ac2b1c5f687564e19351c829ae22ca07d8aa656,DELETE,regular-file,10m_cultural/ne_10m_time_zones.shx,1060,
7fe5af99b4e41257fc9a80a51f99c995c84de1c2,DELETE,regular-file,10m_cultural/ne_10m_urban_areas.README.html,23671,
5dbaad6dd19068b07048d5d380e3a2f20e7363e1,DELETE,regular-file,10m_cultural/ne_10m_urban_areas.VERSION.txt,7,
3ad133c048f2189041151425a73485649e6c32c0,DELETE,regular-file,10m_cultural/ne_10m_urban_areas.cpg,5,
2604fd3ead02dbc880c1970d4645178f41108b0f,DELETE,regular-file,10m_cultural/ne_10m_urban_areas.dbf,950401,
b13a71791932a9ecb82a81800e49b3d5b307a195,DELETE,regular-file,10m_cultural/ne_10m_urban_areas.prj,147,
c078d62902b7278c3eff1b16549613f2a4c4b91e,DELETE,regular-file,10m_cultural/ne_10m_urban_areas.shp,19119748,
be4a10d856d1ac8da1689230988b7df1855b9220,DELETE,regular-file,10m_cultural/ne_10m_urban_areas.shx,95124,
a3273a9170e107320f733a114025a33bb0531c23,DELETE,regular-file,10m_cultural/ne_10m_urban_areas_landscan.README.html,27234,
5dbaad6dd19068b07048d5d380e3a2f20e7363e1,DELETE,regular-file,10m_cultural/ne_10m_urban_areas_landscan.VERSION.txt,7,
3ad133c048f2189041151425a73485649e6c32c0,DELETE,regular-file,10m_cultural/ne_10m_urban_areas_landscan.cpg,5,
b7ad5242596e5ea6ca71584b66a5a040b58fe1bb,DELETE,regular-file,10m_cultural/ne_10m_urban_areas_landscan.dbf,2997797,
b13a71791932a9ecb82a81800e49b3d5b307a195,DELETE,regular-file,10m_cultural/ne_10m_urban_areas_landscan.prj,147,
5939d39e7d8a73ed00934a567d5ae2f427105243,DELETE,regular-file,10m_cultural/ne_10m_urban_areas_landscan.shp,43727272,
59bad890b659b0b65ef58aabec5ef79c52ab41a2,DELETE,regular-file,10m_cultural/ne_10m_urban_areas_landscan.shx,48244,
